"state","owner","public_works","haulage","farm_draft","urban_transport","other_buildings","cavalry","total"
"STATE_ABRUZZO","SIC","0","12","6","0","0","0","18"
"STATE_ABU_DHABI","ABU","0","0","0","0","0","0","0"
"STATE_ABU_DHABI","BHN","0","0","0","0","0","0","0"
"STATE_ABU_DHABI","OMA","0","0","0","0","0","0","0"
"STATE_ACEH","ACE","0","0","2","0","0","0","2"
"STATE_ACEH","DEI","0","0","2","0","0","0","2"
"STATE_ACEH","SAK","0","3","2","0","0","0","5"
"STATE_ACRE","BOL","0","0","0","0","0","0","0"
"STATE_ADANA","EGY","0","6","0","0","0","0","6"
"STATE_ADANA","TUR","0","0","0","0","0","0","0"
"STATE_AGRA","BIC","0","42","0","0","0","10","52"
"STATE_AKMOLINSK","OZH","0","0","0","0","0","0","0"
"STATE_AKMOLINSK","RUS","0","0","0","0","0","0","0"
"STATE_AKTOBE","KZH","0","0","0","0","0","0","0"
"STATE_AL_RIF","MOR","0","3","0","0","0","0","3"
"STATE_AL_RIF","SPA","0","0","2","0","0","0","2"
"STATE_ALABAMA","USA","0","39","12","0","0","0","51"
"STATE_ALAND","FIN","0","0","0","0","0","0","0"
"STATE_ALASKA","ALK","0","6","0","0","0","0","6"
"STATE_ALASKA","ATB","0","0","0","0","0","0","0"
"STATE_ALBANIA","TUR","0","6","0","0","0","0","6"
"STATE_ALBERTA","BLF","0","0","0","0","0","0","0"
"STATE_ALBERTA","HBC","0","3","0","0","0","0","3"
"STATE_ALBERTA","IRC","0","0","0","0","0","0","0"
"STATE_ALENTEJO","POR","0","9","6","0","0","1","16"
"STATE_ALEPPO","EGY","0","3","2","0","0","0","5"
"STATE_ALGIERS","FRA","0","0","2","0","0","0","2"
"STATE_ALGIERS","MAS","0","3","4","0","0","2","9"
"STATE_ALSACE_LORRAINE","FRA","0","30","10","0","0","0","40"
"STATE_ALTAI","CHI","0","0","0","0","0","0","0"
"STATE_ALTO_PARAGUAY","GNI","0","0","0","0","0","0","0"
"STATE_ALXA","CHI","0","0","4","0","0","2","6"
"STATE_AMAZONAS","BOL","0","0","0","0","0","0","0"
"STATE_AMAZONAS","CLM","0","0","0","0","0","0","0"
"STATE_AMAZONAS","PRA","0","0","0","0","0","0","0"
"STATE_AMHARA","BRN","0","0","0","0","0","0","0"
"STATE_AMHARA","HDY","0","3","2","0","0","0","5"
"STATE_AMHARA","KFA","0","0","2","0","0","0","2"
"STATE_AMHARA","SDM","0","0","2","0","0","0","2"
"STATE_AMHARA","WLG","0","3","2","0","0","0","5"
"STATE_AMHARA","WLT","0","0","2","0","0","0","2"
"STATE_AMUR","CHI","0","0","0","0","0","0","0"
"STATE_ANHALT","ANH","0","0","4","0","0","0","4"
"STATE_ANHALT","PRU","0","15","6","0","0","0","21"
"STATE_ANKARA","TUR","0","12","6","0","0","10","28"
"STATE_ANNAM","DAI","0","0","0","0","0","0","0"
"STATE_ANTIOQUIA","CLM","0","9","0","0","0","0","9"
"STATE_ANTOFAGASTA","BOL","0","0","0","0","0","0","0"
"STATE_APULIA","SIC","0","3","3","0","0","0","6"
"STATE_AQUITAINE","FRA","0","57","12","0","0","0","69"
"STATE_ARAGON","SPA","0","9","2","0","0","0","11"
"STATE_ARAGON","SPC","0","0","2","0","0","0","2"
"STATE_ARAKAN","BIC","0","3","0","0","0","0","3"
"STATE_ARAUCANIA","CHL","0","3","0","0","0","0","3"
"STATE_ARAUCANIA","SLK","0","0","0","0","0","0","0"
"STATE_ARAUCANIA","THL","0","0","0","0","0","0","0"
"STATE_AREQUIPA","SPU","0","6","0","0","0","0","6"
"STATE_ARIZONA","APC","0","0","0","0","0","0","0"
"STATE_ARIZONA","MEX","0","0","0","0","0","0","0"
"STATE_ARIZONA","NVJ","0","0","0","0","0","0","0"
"STATE_ARKANSAS","USA","0","3","0","0","0","0","3"
"STATE_ARKHANGELSK","RUS","0","0","0","0","0","0","0"
"STATE_ARMENIA","RUS","0","0","4","0","0","2","6"
"STATE_ASSAM","ASM","0","9","0","0","0","1","10"
"STATE_ASSAM","BIC","0","9","0","0","0","0","9"
"STATE_ASSAM","MNP","0","0","0","0","0","1","1"
"STATE_ASTRAKHAN","RUS","0","3","0","0","0","2","5"
"STATE_ASTURIAS","SPA","0","15","0","0","0","0","15"
"STATE_ATTICA","GRE","0","18","2","0","0","1","21"
"STATE_AUSTRIA","AUS","0","0","20","0","0","5","25"
"STATE_AUVERGNE_LIMOUSIN","FRA","0","12","20","0","0","0","32"
"STATE_AWADH","AWA","0","75","0","0","0","11","86"
"STATE_AWADH","BIC","0","99","0","0","0","0","99"
"STATE_AYDIN","TUR","0","18","6","0","0","0","24"
"STATE_AZERBAIJAN","RUS","0","6","2","0","0","0","8"
"STATE_AZORES","POR","0","3","0","0","0","0","3"
"STATE_BADEN","BAD","0","6","8","0","0","3","17"
"STATE_BAGHDAD","TUR","0","9","4","0","0","0","13"
"STATE_BAHAMAS","GBR","0","6","0","0","0","0","6"
"STATE_BAHIA","BRZ","0","45","12","0","0","0","57"
"STATE_BAJA_CALIFORNIA","MEX","0","0","0","0","0","0","0"
"STATE_BAJIO","MEX","0","24","2","0","0","0","26"
"STATE_BAJO_PARAGUAY","PRG","0","15","2","0","0","0","17"
"STATE_BALEARIC_ISLANDS","SPA","0","0","2","0","0","0","2"
"STATE_BALKH","KUN","0","0","2","0","0","2","4"
"STATE_BALKH","MAI","0","0","4","0","0","1","5"
"STATE_BALUCHISTAN","KAL","0","9","0","0","0","1","10"
"STATE_BALUCHISTAN","MAK","0","0","2","0","0","0","2"
"STATE_BALUCHISTAN","OMA","0","0","0","0","0","0","0"
"STATE_BANAT","HUN","0","0","6","0","0","0","6"
"STATE_BANGKOK","SIA","0","6","4","0","0","0","10"
"STATE_BAS_CONGO","KON","0","0","2","0","0","0","2"
"STATE_BAS_CONGO","YKA","0","0","0","0","0","0","0"
"STATE_BASQUE_COUNTRY","SPC","0","9","6","0","0","4","19"
"STATE_BASRA","TUR","0","3","2","0","0","0","5"
"STATE_BAVARIA","BAV","0","12","20","0","0","6","38"
"STATE_BEIJING","CHI","0","6","6","0","0","0","12"
"STATE_BEIRA","POR","0","9","4","0","0","2","15"
"STATE_BEKES","HUN","0","0","4","0","0","0","4"
"STATE_BENIN","BEN","0","0","4","0","0","0","4"
"STATE_BERMUDA","GBR","0","0","0","0","0","0","0"
"STATE_BESSARABIA","RUS","0","3","0","0","0","0","3"
"STATE_BIHAR","BIC","0","105","0","0","0","4","109"
"STATE_BLUE_NILE","EGY","0","21","4","0","0","10","35"
"STATE_BOHEMIA","AUS","0","36","12","0","0","8","56"
"STATE_BOLIVAR","VNZ","0","0","2","0","0","0","2"
"STATE_BOMBAY","BIC","10","24","0","0","0","4","38"
"STATE_BOMBAY","KHP","0","0","0","0","0","2","2"
"STATE_BOMBAY","POR","0","0","4","0","0","0","4"
"STATE_BOMBAY","SAT","0","0","0","0","0","2","2"
"STATE_BORNU","BOR","0","0","4","0","0","0","4"
"STATE_BOSNIA","TUR","0","18","0","0","0","5","23"
"STATE_BOTSWANA","LZO","0","0","0","0","0","0","0"
"STATE_BOTSWANA","TSW","0","0","0","0","0","0","0"
"STATE_BOUGAINVILLE","HLA","0","0","0","0","0","0","0"
"STATE_BRANDENBURG","PRU","0","0","0","0","0","17","17"
"STATE_BREST","RUS","0","39","10","0","0","0","49"
"STATE_BRITISH_COLUMBIA","ATB","0","0","0","0","0","0","0"
"STATE_BRITISH_COLUMBIA","HBC","0","0","0","0","0","0","0"
"STATE_BRITISH_COLUMBIA","ORG","0","3","0","0","0","0","3"
"STATE_BRITTANY","FRA","0","15","4","0","0","0","19"
"STATE_BRUNSWICK","BRA","0","3","0","0","0","0","3"
"STATE_BRUNSWICK","HAN","0","0","0","0","0","0","0"
"STATE_BRUNSWICK","PRU","0","0","0","0","0","0","0"
"STATE_BUENOS_AIRES","ARG","0","0","0","0","0","1","1"
"STATE_BUENOS_AIRES","PAT","0","0","0","0","0","0","0"
"STATE_BUKOVINA","AUS","0","6","2","0","0","0","8"
"STATE_BULGARIA","TUR","0","18","8","0","0","0","26"
"STATE_BUNDELKHAND","BAG","0","0","0","0","0","2","2"
"STATE_BUNDELKHAND","BUN","0","3","0","0","0","2","5"
"STATE_BUNDELKHAND","JHN","0","3","0","0","0","2","5"
"STATE_BURGUNDY","FRA","0","30","16","0","0","0","46"
"STATE_BURYATIA","RUS","0","0","0","0","0","0","0"
"STATE_BUSAN","KOR","0","6","2","0","0","0","8"
"STATE_CAJAMARCA","NPU","0","3","0","0","0","0","3"
"STATE_CALABRIA","SIC","0","12","3","0","0","0","15"
"STATE_CALIFORNIA","MEX","0","0","0","0","0","0","0"
"STATE_CAMBODIA","CAM","0","3","2","0","0","0","5"
"STATE_CAMBODIA","SIA","0","3","0","0","0","0","3"
"STATE_CAMPANIA","SIC","0","18","10","0","0","4","32"
"STATE_CANARY_ISLANDS","SPA","0","3","0","0","0","0","3"
"STATE_CAPE_COLONY","SAF","0","3","4","0","0","1","8"
"STATE_CAPE_VERDE","POR","0","6","0","0","0","0","6"
"STATE_CATALONIA","SPA","0","24","2","0","0","2","28"
"STATE_CATALONIA","SPC","0","0","2","0","0","0","2"
"STATE_CAUCA","CLM","0","12","4","0","0","2","18"
"STATE_CEARA","BRZ","0","9","4","0","0","0","13"
"STATE_CELEBES","BTN","0","0","0","0","0","0","0"
"STATE_CELEBES","DEI","0","3","0","0","0","0","3"
"STATE_CELEBES","SLW","0","0","0","0","0","0","0"
"STATE_CELEBES","TID","0","0","0","0","0","0","0"
"STATE_CENTRAL_CUBA","CUB","0","15","2","0","0","0","17"
"STATE_CENTRAL_HUNGARY","HUN","0","18","6","0","0","3","27"
"STATE_CENTRAL_JAVA","DEI","0","30","10","0","0","0","40"
"STATE_CENTRAL_JAVA","SRK","0","0","2","0","0","0","2"
"STATE_CENTRAL_JAVA","YOG","0","3","2","0","0","0","5"
"STATE_CENTRAL_PROVINCES","BAS","0","9","0","0","0","0","9"
"STATE_CENTRAL_PROVINCES","BIC","0","21","0","0","0","0","21"
"STATE_CENTRAL_PROVINCES","NAG","0","30","0","0","0","10","40"
"STATE_CEYLON","BCE","0","27","0","0","0","0","27"
"STATE_CEYLON","GBR","0","0","0","0","0","0","0"
"STATE_CHACO","ARG","0","0","0","0","0","0","0"
"STATE_CHACO","GNI","0","0","0","0","0","0","0"
"STATE_CHAD","BOR","0","0","0","0","0","0","0"
"STATE_CHAD","TBI","0","0","0","0","0","0","0"
"STATE_CHAD","WAD","0","0","0","0","0","0","0"
"STATE_CHAMPAGNE","FRA","0","21","6","0","0","20","47"
"STATE_CHELYABINSK","KZH","0","0","0","0","0","0","0"
"STATE_CHELYABINSK","OZH","0","0","0","0","0","0","0"
"STATE_CHELYABINSK","RUS","0","6","0","0","0","0","6"
"STATE_CHERNIHIV","RUS","0","0","40","0","0","0","40"
"STATE_CHERSON","RUS","0","3","20","0","0","16","39"
"STATE_CHIANG_MAI","CMI","0","3","0","0","0","0","3"
"STATE_CHIAPAS","MEX","0","6","0","0","0","0","6"
"STATE_CHIAPAS","UCA","0","0","0","0","0","0","0"
"STATE_CHIHUAHUA","MEX","0","0","0","0","0","0","0"
"STATE_CHONGQING","CHI","0","60","0","0","0","0","60"
"STATE_CHUGOKU","JAP","0","9","2","0","0","0","11"
"STATE_CHUKOTKA","RUS","0","0","0","0","0","0","0"
"STATE_CHUVASHIA","RUS","0","0","0","0","0","0","0"
"STATE_CIRCARS","BIC","0","36","0","0","0","0","36"
"STATE_CIRCARS","JEY","0","3","0","0","0","2","5"
"STATE_COLORADO","ARP","0","0","0","0","0","0","0"
"STATE_COLORADO","MEX","0","0","0","0","0","0","0"
"STATE_COLORADO","USA","0","0","0","0","0","0","0"
"STATE_COLORADO","UTE","0","0","0","0","0","0","0"
"STATE_CONGO","BOB","0","0","0","0","0","0","0"
"STATE_CONGO","LNG","0","0","0","0","0","0","0"
"STATE_CONGO","TKE","0","0","0","0","0","0","0"
"STATE_CONGO_ORIENTALE","HMB","0","0","0","0","0","0","0"
"STATE_CONGO_ORIENTALE","LBA","0","0","0","0","0","0","0"
"STATE_CONGO_ORIENTALE","LGA","0","0","0","0","0","0","0"
"STATE_CONGO_ORIENTALE","MNB","0","0","0","0","0","0","0"
"STATE_CONGO_ORIENTALE","ZND","0","0","0","0","0","0","0"
"STATE_CONNAUGHT","GBR","0","0","2","0","0","3","5"
"STATE_CONNECTICUT","USA","0","6","0","0","0","0","6"
"STATE_CONSTANTINE","AIT","0","3","2","0","0","0","5"
"STATE_CONSTANTINE","CON","0","0","4","0","0","0","4"
"STATE_CONSTANTINE","FRA","0","0","2","0","0","0","2"
"STATE_CORRIENTES","ARG","0","9","1","0","0","0","10"
"STATE_CORSICA","FRA","0","3","0","0","0","0","3"
"STATE_COSTA_RICA","UCA","0","3","0","0","0","0","3"
"STATE_COURLAND","UBD","0","0","4","0","0","2","6"
"STATE_CRETE","EGY","0","3","0","0","0","0","3"
"STATE_CRIMEA","RUS","0","12","0","0","0","0","12"
"STATE_CROATIA","CRO","0","9","4","0","0","0","13"
"STATE_CUNDINAMARCA","CLM","0","15","4","0","0","0","19"
"STATE_CYPRUS","TUR","0","0","2","0","0","0","2"
"STATE_DAGESTAN","CHC","0","3","0","0","0","0","3"
"STATE_DAGESTAN","RUS","0","6","2","0","0","3","11"
"STATE_DAHOMEY","BRG","0","0","2","0","0","0","2"
"STATE_DAHOMEY","DAH","0","0","2","0","0","0","2"
"STATE_DALMATIA","AUS","0","3","2","0","0","0","5"
"STATE_DARFUR","DFR","0","0","0","0","0","0","0"
"STATE_DEIR_EZ_ZOR","TUR","0","0","0","0","0","0","0"
"STATE_DELAWARE","USA","0","0","0","0","0","0","0"
"STATE_DELHI","BIC","0","3","0","0","0","0","3"
"STATE_DELHI","MUG","0","6","0","0","0","1","7"
"STATE_DELHI","PTA","0","0","0","0","0","6","6"
"STATE_DELVIDEK","HUN","0","0","2","0","0","0","2"
"STATE_DISTRICT_OF_COLUMBIA","USA","0","0","0","0","0","0","0"
"STATE_DIYARBAKIR","TUR","0","12","0","0","0","0","12"
"STATE_DOBRUDJA","RUS","0","0","0","0","0","0","0"
"STATE_DOBRUDJA","TUR","0","3","4","0","0","0","7"
"STATE_DONGOLA","EGY","0","0","4","0","0","0","4"
"STATE_DURANGO","MEX","0","0","0","0","0","0","0"
"STATE_DZUNGARIA","CHI","0","0","0","0","0","0","0"
"STATE_EAST_AEGEAN_ISLANDS","TUR","0","0","0","0","0","0","0"
"STATE_EAST_ANGLIA","GBR","10","6","7","0","0","0","23"
"STATE_EAST_ANGOLA","CHK","0","0","0","0","0","0","0"
"STATE_EAST_ANGOLA","KSN","0","0","0","0","0","0","0"
"STATE_EAST_ANGOLA","LND","0","0","0","0","0","0","0"
"STATE_EAST_ANGOLA","LZO","0","0","0","0","0","0","0"
"STATE_EAST_BENGAL","BIC","0","36","0","0","0","0","36"
"STATE_EAST_BORNEO","BLG","0","0","0","0","0","0","0"
"STATE_EAST_BORNEO","BNJ","0","12","0","0","0","0","12"
"STATE_EAST_BORNEO","DEI","0","0","2","0","0","0","2"
"STATE_EAST_BORNEO","KTI","0","0","0","0","0","0","0"
"STATE_EAST_GALICIA","AUS","0","0","4","0","0","7","11"
"STATE_EAST_HAUSALAND","SOK","0","15","4","0","0","0","19"
"STATE_EAST_JAVA","DEI","0","45","16","0","0","0","61"
"STATE_EAST_KARELIA","RUS","0","6","0","0","0","0","6"
"STATE_EAST_MICRONESIA","MCR","0","0","0","0","0","0","0"
"STATE_EAST_PRUSSIA","PRU","0","15","2","0","0","2","19"
"STATE_EAST_SAHARA","AHG","0","0","0","0","0","0","0"
"STATE_EAST_SAHARA","TUG","0","0","0","0","0","0","0"
"STATE_EAST_SWITZERLAND","SWI","0","3","6","0","0","0","9"
"STATE_EASTERN_CAPE","SAF","0","0","2","0","0","0","2"
"STATE_EASTERN_CAPE","XHO","0","0","0","0","0","0","0"
"STATE_EASTERN_CUBA","CUB","0","15","2","0","0","0","17"
"STATE_EASTERN_HIMALAYAS","BHU","0","0","0","0","0","0","0"
"STATE_EASTERN_HIMALAYAS","SIK","0","0","0","0","0","0","0"
"STATE_EASTERN_HUBEI","CHI","0","48","8","0","0","0","56"
"STATE_EASTERN_MALI","MSN","0","0","4","0","0","0","4"
"STATE_EASTERN_NEW_GUINEA","PPU","0","0","0","0","0","0","0"
"STATE_EASTERN_NORWAY","NOR","0","15","1","0","0","1","17"
"STATE_EASTERN_SERBIA","TUR","0","0","2","0","0","0","2"
"STATE_EASTERN_THRACE","TUR","0","12","6","0","0","0","18"
"STATE_ECUADOR","ECU","0","9","4","0","0","1","14"
"STATE_EGYPTIAN_DESERT","EGY","0","0","0","0","0","0","0"
"STATE_ELBE","BRE","0","0","0","0","0","0","0"
"STATE_ELBE","HAM","0","3","0","0","0","0","3"
"STATE_ELBE","HAN","0","6","4","0","0","4","14"
"STATE_ELIZAVETPOL","RUS","0","0","0","0","0","0","0"
"STATE_EMILIA","LUC","0","0","0","0","0","0","0"
"STATE_EMILIA","MOD","0","6","8","0","0","1","15"
"STATE_EMILIA","PAR","0","3","2","0","0","1","6"
"STATE_ENTRE_DOURO_E_MINHO","POR","0","12","2","0","0","0","14"
"STATE_EQUATEUR","BNG","0","0","0","0","0","0","0"
"STATE_EQUATEUR","BOB","0","0","0","0","0","0","0"
"STATE_EQUATORIA","DFT","0","0","0","0","0","0","0"
"STATE_EQUATORIA","DNK","0","0","0","0","0","0","0"
"STATE_EQUATORIA","NUE","0","0","0","0","0","0","0"
"STATE_EQUATORIA","TPS","0","0","0","0","0","0","0"
"STATE_ERITREA","AWS","0","0","0","0","0","0","0"
"STATE_ERITREA","EGY","0","0","0","0","0","0","0"
"STATE_ERZURUM","TUR","0","9","0","0","0","0","9"
"STATE_ESTREMADURA","POR","0","9","4","0","0","3","16"
"STATE_EXTREMADURA","SPA","0","6","2","0","0","4","12"
"STATE_FARS","PER","0","6","8","0","0","0","14"
"STATE_FERGANA","KOK","0","0","0","0","0","0","0"
"STATE_FEZ","MOR","0","0","0","0","0","0","0"
"STATE_FIJI","FJI","0","0","0","0","0","0","0"
"STATE_FLANDERS","BEL","20","12","6","0","0","2","40"
"STATE_FLORIDA","USA","0","0","0","0","0","0","0"
"STATE_FORMOSA","CHI","0","24","0","0","0","5","29"
"STATE_FRANCHE_COMTE","FRA","0","9","2","0","0","0","11"
"STATE_FRANCONIA","BAV","20","12","16","0","0","6","54"
"STATE_FRENCH_LOW_COUNTRIES","FRA","0","33","10","0","0","0","43"
"STATE_FRIESLAND","NET","0","3","0","0","0","2","5"
"STATE_FUJIAN","CHI","0","69","10","0","0","0","79"
"STATE_GABON","FNG","0","0","0","0","0","0","0"
"STATE_GABON","LNG","0","0","0","0","0","0","0"
"STATE_GALICH","RUS","0","6","6","0","0","0","12"
"STATE_GALICIA","SPA","0","12","2","0","0","0","14"
"STATE_GANSU","CHI","0","0","0","0","0","5","5"
"STATE_GELRE","NET","0","3","8","0","0","2","13"
"STATE_GEORGIA","USA","0","36","10","0","0","1","47"
"STATE_GOIAS","BRZ","0","3","2","0","0","0","5"
"STATE_GOLD_COAST","ASH","0","0","0","0","0","0","0"
"STATE_GOLD_COAST","DEN","0","0","0","0","0","0","0"
"STATE_GOLD_COAST","NET","0","0","0","0","0","0","0"
"STATE_GOLD_COAST","SIL","0","0","0","0","0","0","0"
"STATE_GONDER","AWS","0","0","0","0","0","0","0"
"STATE_GONDER","BGM","0","3","2","0","0","0","5"
"STATE_GONDER","GJM","0","3","2","0","0","0","5"
"STATE_GONDER","QWR","0","3","2","0","0","0","5"
"STATE_GONDER","TGR","0","3","2","0","0","0","5"
"STATE_GOTALAND","SWE","0","24","3","0","0","1","28"
"STATE_GOTLAND","SWE","0","0","0","0","0","0","0"
"STATE_GREATER_CAUCASUS","RUS","0","0","0","0","0","0","0"
"STATE_GREATER_POLAND","RUS","0","0","6","0","0","0","6"
"STATE_GREENLAND","DEN","0","0","0","0","0","0","0"
"STATE_GUANGDONG","CHI","30","147","16","0","0","0","193"
"STATE_GUANGDONG","POR","0","6","2","0","0","0","8"
"STATE_GUANGXI","CHI","0","126","14","0","0","0","140"
"STATE_GUATEMALA","GBR","0","0","0","0","0","0","0"
"STATE_GUATEMALA","UCA","0","0","4","0","0","0","4"
"STATE_GUAVIARE","CLM","0","3","2","0","0","0","5"
"STATE_GUAYANA","FRA","0","0","0","0","0","0","0"
"STATE_GUAYANA","GBR","0","12","0","0","0","0","12"
"STATE_GUAYANA","NET","0","3","0","0","0","0","3"
"STATE_GUERRERO","MEX","0","6","2","0","0","0","8"
"STATE_GUINEA","FTJ","0","0","2","0","0","0","2"
"STATE_GUINEA","MDK","0","0","0","0","0","0","0"
"STATE_GUINEA","POR","0","0","2","0","0","0","2"
"STATE_GUINEA","SSU","0","0","0","0","0","0","0"
"STATE_GUIZHOU","CHI","0","69","0","0","0","10","79"
"STATE_GUJARAT","BER","0","3","0","0","0","10","13"
"STATE_GUJARAT","BHV","0","3","0","0","0","2","5"
"STATE_GUJARAT","BIC","0","12","0","0","0","2","14"
"STATE_GUJARAT","IDA","0","0","0","0","0","2","2"
"STATE_GUJARAT","JUN","0","0","0","0","0","2","2"
"STATE_GUJARAT","KUT","0","0","0","0","0","2","2"
"STATE_GUJARAT","NAW","0","0","0","0","0","2","2"
"STATE_GUJARAT","PLP","0","0","0","0","0","2","2"
"STATE_GUJARAT","POR","0","0","0","0","0","0","0"
"STATE_GUYENNE","FRA","0","3","10","0","0","30","43"
"STATE_HAIL","JAB","0","0","0","0","0","0","0"
"STATE_HAIL","NEJ","0","0","0","0","0","0","0"
"STATE_HAITI","HAI","0","6","2","0","0","2","10"
"STATE_HANNOVER","HAN","0","6","4","0","0","6","16"
"STATE_HANNOVER","OLD","0","0","4","0","0","0","4"
"STATE_HAUSALAND","BRG","0","0","2","0","0","0","2"
"STATE_HAUSALAND","SOK","0","6","4","0","0","0","10"
"STATE_HAWAIIAN_ISLANDS","HAW","0","9","2","0","0","0","11"
"STATE_HEDJAZ","HDJ","0","0","0","0","0","0","0"
"STATE_HENAN","CHI","0","36","0","0","0","0","36"
"STATE_HERAT","HER","0","3","2","0","0","1","6"
"STATE_HEREROLAND","HRO","0","0","0","0","0","0","0"
"STATE_HEREROLAND","OVB","0","0","0","0","0","0","0"
"STATE_HESSE","FRM","0","0","0","0","0","0","0"
"STATE_HESSE","HEK","0","3","4","0","0","1","8"
"STATE_HESSE","HES","0","3","4","0","0","2","9"
"STATE_HESSE","NAS","0","6","2","0","0","0","8"
"STATE_HESSE","WLD","0","0","2","0","0","0","2"
"STATE_HIGHLANDS","GBR","0","9","0","0","0","0","9"
"STATE_HILL_PUNJAB","PAN","0","9","0","0","0","0","9"
"STATE_HILL_PUNJAB","PTA","0","0","0","0","0","0","0"
"STATE_HIMALAYAS","NEP","0","6","0","0","0","0","6"
"STATE_HINGGAN","CHI","0","0","0","0","0","8","8"
"STATE_HOKKAIDO","EZO","0","0","0","0","0","0","0"
"STATE_HOKKAIDO","JAP","0","0","0","0","0","0","0"
"STATE_HOKUSHINETSU","JAP","0","15","8","0","0","0","23"
"STATE_HOLLAND","NET","10","0","6","0","0","6","22"
"STATE_HOME_COUNTIES","GBR","30","0","15","0","0","2","47"
"STATE_HONDURAS","UCA","0","0","2","0","0","0","2"
"STATE_HUDAVENDIGAR","TUR","0","21","4","0","0","0","25"
"STATE_HUNAN","CHI","0","48","12","0","0","10","70"
"STATE_HYDERABAD","HYD","0","21","0","0","0","7","28"
"STATE_ICA","IQU","0","0","2","0","0","0","2"
"STATE_ICA","SPU","0","15","4","0","0","0","19"
"STATE_ICELAND","DEN","0","0","0","0","0","0","0"
"STATE_IDAHO","NZP","0","0","0","0","0","0","0"
"STATE_IDAHO","ORG","0","0","0","0","0","0","0"
"STATE_ILE_DE_FRANCE","FRA","20","3","10","0","0","20","53"
"STATE_ILLINOIS","USA","0","6","4","0","0","0","10"
"STATE_INDIAN_OCEAN_TERRITORY","FRA","0","6","0","0","0","0","6"
"STATE_INDIAN_OCEAN_TERRITORY","GBR","0","9","0","0","0","0","9"
"STATE_INDIANA","USA","0","6","16","0","0","0","22"
"STATE_INGRIA","RUS","10","0","6","0","0","4","20"
"STATE_INNER_MAURITANIA","OUA","0","0","0","0","0","0","0"
"STATE_INNER_MOROCCO","MOR","0","6","0","0","0","0","6"
"STATE_IONIAN_ISLANDS","ION","0","0","2","0","0","0","2"
"STATE_IOWA","USA","0","0","0","0","0","0","0"
"STATE_IRAKAJEMI","PER","0","0","6","0","0","0","6"
"STATE_IRKUTSK","RUS","0","0","0","0","0","0","0"
"STATE_ISFAHAN","PER","0","0","2","0","0","3","5"
"STATE_ISTRIA","AUS","10","0","0","0","0","0","10"
"STATE_IVORY_COAST","AYI","0","0","0","0","0","0","0"
"STATE_IVORY_COAST","BLE","0","0","0","0","0","0","0"
"STATE_IVORY_COAST","FRA","0","0","0","0","0","0","0"
"STATE_IVORY_COAST","KNG","0","0","0","0","0","0","0"
"STATE_JALISCO","MEX","0","9","2","0","0","0","11"
"STATE_JAMAICA","GBR","0","27","0","0","0","0","27"
"STATE_JETISY","CHI","0","3","2","0","0","0","5"
"STATE_JIANGSU","CHI","0","45","16","0","0","0","61"
"STATE_JIANGXI","CHI","0","81","10","0","0","0","91"
"STATE_JUJUY","ARG","0","3","0","0","0","0","3"
"STATE_JUJUY","BOL","0","0","0","0","0","0","0"
"STATE_JUTLAND","DEN","0","0","16","0","0","2","18"
"STATE_KABUL","KAB","0","12","0","0","0","2","14"
"STATE_KACHIN","BUR","0","0","2","0","0","2","4"
"STATE_KALMYKIA","RUS","0","0","0","0","0","0","0"
"STATE_KAMCHATKA","RUS","0","0","0","0","0","0","0"
"STATE_KANAK","KNK","0","0","0","0","0","0","0"
"STATE_KANDAHAR","KAN","0","3","2","0","0","2","7"
"STATE_KANSAI","JAP","0","18","4","0","0","0","22"
"STATE_KANSAS","COM","0","0","0","0","0","0","0"
"STATE_KANSAS","PWN","0","0","0","0","0","0","0"
"STATE_KANSAS","USA","0","0","0","0","0","0","0"
"STATE_KANTO","JAP","0","27","6","0","0","0","33"
"STATE_KARS","RUS","0","0","0","0","0","0","0"
"STATE_KARS","TUR","0","3","2","0","0","0","5"
"STATE_KASAI","KBA","0","0","0","0","0","0","0"
"STATE_KASAI","LBA","0","0","0","0","0","0","0"
"STATE_KASHMIR","KAS","0","9","0","0","0","6","15"
"STATE_KASHMIR","LAD","0","0","0","0","0","0","0"
"STATE_KASTAMONU","TUR","0","15","0","0","0","0","15"
"STATE_KATANGA","KZM","0","0","0","0","0","0","0"
"STATE_KATANGA","LBA","0","0","0","0","0","0","0"
"STATE_KATANGA","LND","0","0","0","0","0","0","0"
"STATE_KAUNAS","RUS","0","0","4","0","0","4","8"
"STATE_KAZAN","RUS","0","15","4","0","0","0","19"
"STATE_KAZEMBE","BMB","0","0","0","0","0","0","0"
"STATE_KAZEMBE","KZM","0","0","0","0","0","0","0"
"STATE_KAZEMBE","MRV","0","0","0","0","0","0","0"
"STATE_KENTUCKY","USA","0","30","8","0","0","0","38"
"STATE_KENYA","AJR","0","0","0","0","0","0","0"
"STATE_KENYA","AUL","0","0","0","0","0","0","0"
"STATE_KENYA","KKY","0","0","0","0","0","0","0"
"STATE_KENYA","MBS","0","0","0","0","0","0","0"
"STATE_KENYA","OMA","0","0","0","0","0","0","0"
"STATE_KENYA","WTU","0","0","2","0","0","0","2"
"STATE_KERMAN","PER","0","6","4","0","0","0","10"
"STATE_KHARKOV","RUS","0","0","40","0","0","10","50"
"STATE_KHIVA","KHI","0","3","8","0","0","0","11"
"STATE_KHORASAN","PER","0","6","2","0","0","0","8"
"STATE_KHUZESTAN","ARB","0","3","2","0","0","1","6"
"STATE_KIEV","RUS","0","0","68","0","0","6","74"
"STATE_KIRGHIZIA","CHI","0","0","2","0","0","0","2"
"STATE_KIRGHIZIA","KOK","0","3","2","0","0","0","5"
"STATE_KOLA","RUS","0","0","0","0","0","0","0"
"STATE_KOLYMA","RUS","0","0","0","0","0","0","0"
"STATE_KONYA","TUR","0","21","0","0","0","5","26"
"STATE_KORDOFAN","EGY","0","0","0","0","0","0","0"
"STATE_KRASNOYARSK","RUS","0","0","0","0","0","0","0"
"STATE_KUBAN","CIR","0","0","4","0","0","3","7"
"STATE_KUBAN","RUS","0","9","2","0","0","2","13"
"STATE_KUOPIO","FIN","0","9","0","0","0","0","9"
"STATE_KURNOOL","BIC","0","3","0","0","0","0","3"
"STATE_KURNOOL","KNO","0","0","0","0","0","2","2"
"STATE_KURSK","RUS","0","30","16","0","0","13","59"
"STATE_KYOTO","JAP","0","12","2","0","0","0","14"
"STATE_KYUSHU","JAP","0","12","8","0","0","0","20"
"STATE_LA_PAMPA","ARG","0","0","2","0","0","0","2"
"STATE_LA_PAZ","BOL","0","18","2","0","0","0","20"
"STATE_LANCASHIRE","GBR","50","81","10","0","0","4","145"
"STATE_LANGUEDOC","FRA","0","66","14","0","0","0","80"
"STATE_LAOS","CHP","0","0","0","0","0","0","0"
"STATE_LAOS","LUA","0","6","0","0","0","0","6"
"STATE_LAOS","SIA","0","3","0","0","0","0","3"
"STATE_LARISTAN","BHN","0","0","0","0","0","0","0"
"STATE_LARISTAN","OMA","0","0","0","0","0","0","0"
"STATE_LARISTAN","PER","0","0","2","0","0","0","2"
"STATE_LAZIO","PAP","0","9","2","0","0","1","12"
"STATE_LEBANON","EGY","0","3","2","0","0","0","5"
"STATE_LEINSTER","GBR","0","3","5","0","0","3","11"
"STATE_LEON","SPA","0","6","4","0","0","0","10"
"STATE_LESSER_POLAND","RUS","0","0","0","0","0","0","0"
"STATE_LHASA","TIB","0","0","2","0","0","0","2"
"STATE_LIBERIA","LIB","0","3","2","0","0","0","5"
"STATE_LIBYA","TRI","0","0","4","0","0","0","4"
"STATE_LIBYAN_DESERT","FZN","0","0","0","0","0","0","0"
"STATE_LIMA","NPU","0","18","6","0","0","0","24"
"STATE_LINDI","GGO","0","0","0","0","0","0","0"
"STATE_LINDI","HHE","0","0","0","0","0","0","0"
"STATE_LINDI","SNG","0","0","0","0","0","0","0"
"STATE_LOMBARDY","AUS","0","9","6","0","0","1","16"
"STATE_LORRAINE","FRA","0","39","2","0","0","0","41"
"STATE_LOS_RIOS","CHL","0","9","0","0","0","0","9"
"STATE_LOUISIANA","USA","0","12","0","0","0","0","12"
"STATE_LOURENCO_MARQUES","GZA","0","0","2","0","0","0","2"
"STATE_LOURENCO_MARQUES","POR","0","0","0","0","0","0","0"
"STATE_LOWER_ANDALUSIA","SPA","0","9","6","0","0","2","17"
"STATE_LOWER_EGYPT","EGY","0","60","14","0","0","0","74"
"STATE_LOWER_SILESIA","PRU","0","9","4","0","0","5","18"
"STATE_LOWLANDS","GBR","20","12","5","0","0","2","39"
"STATE_LURISTAN","PER","0","3","4","0","0","3","10"
"STATE_LUZON","PHI","0","21","20","0","0","1","42"
"STATE_LUZON","SUL","0","0","0","0","0","0","0"
"STATE_MACEDONIA","TUR","0","3","2","0","0","0","5"
"STATE_MADEIRA","POR","0","9","0","0","0","0","9"
"STATE_MADRAS","BIC","0","75","0","0","0","10","85"
"STATE_MADRAS","DEN","0","0","0","0","0","0","0"
"STATE_MADRAS","FRA","0","3","0","0","0","0","3"
"STATE_MADRAS","PUD","0","0","0","0","0","2","2"
"STATE_MAINE","USA","0","9","0","0","0","0","9"
"STATE_MAINE_ANJOU","FRA","0","9","6","0","0","0","15"
"STATE_MALAYA","GBR","0","0","0","0","0","0","0"
"STATE_MALAYA","JOH","0","15","2","0","0","0","17"
"STATE_MALAYA","PRK","0","0","2","0","0","0","2"
"STATE_MALAYA","SEL","0","0","2","0","0","0","2"
"STATE_MALAYA","SIA","0","3","0","0","0","0","3"
"STATE_MALTA","GBR","0","0","0","0","0","0","0"
"STATE_MALWA","BHO","0","12","0","0","0","2","14"
"STATE_MALWA","GWA","0","18","0","0","0","16","34"
"STATE_MALWA","IND","0","21","0","0","0","8","29"
"STATE_MANDALAY","BUR","0","3","4","0","0","1","8"
"STATE_MANITOBA","HBC","0","6","0","0","0","0","6"
"STATE_MANITOBA","IRC","0","0","0","0","0","0","0"
"STATE_MARANHAO","BRZ","0","6","2","0","0","0","8"
"STATE_MARRAKECH","MOR","0","0","0","0","0","0","0"
"STATE_MARYLAND","USA","0","12","0","0","0","0","12"
"STATE_MASSACHUSETTS","USA","0","6","4","0","0","0","10"
"STATE_MATO_GROSSO","BOL","0","0","0","0","0","0","0"
"STATE_MATO_GROSSO","BRZ","0","6","2","0","0","0","8"
"STATE_MATO_GROSSO","PRG","0","3","0","0","0","0","3"
"STATE_MATRUH","EGY","0","0","0","0","0","0","0"
"STATE_MAURITANIA","FTR","0","0","0","0","0","0","0"
"STATE_MAURITANIA","OUA","0","0","0","0","0","0","0"
"STATE_MAURITANIA","TRZ","0","0","0","0","0","0","0"
"STATE_MAZANDARAN","PER","10","15","4","0","0","0","29"
"STATE_MAZOVIA","RUS","0","9","4","0","0","0","13"
"STATE_MECKLENBURG","MEC","0","0","4","0","0","2","6"
"STATE_MECKLENBURG","MST","0","0","2","0","0","0","2"
"STATE_MEKONG","DAI","0","0","2","0","0","0","2"
"STATE_MERZ","BUK","0","0","0","0","0","0","0"
"STATE_MERZ","KHI","0","0","0","0","0","0","0"
"STATE_MEXICO","MEX","0","18","2","0","0","0","20"
"STATE_MICHIGAN","USA","0","15","0","0","0","0","15"
"STATE_MIDDLE_EGYPT","EGY","0","18","6","0","0","0","24"
"STATE_MIDLANDS","GBR","20","36","10","0","0","4","70"
"STATE_MINAS_GERAIS","BRZ","0","45","8","0","0","0","53"
"STATE_MINDANAO","MGD","0","0","2","0","0","0","2"
"STATE_MINDANAO","PHI","0","0","2","0","0","0","2"
"STATE_MINDANAO","SUL","0","3","0","0","0","0","3"
"STATE_MINNESOTA","LKT","0","0","0","0","0","0","0"
"STATE_MINNESOTA","USA","0","0","0","0","0","0","0"
"STATE_MINSK","RUS","0","15","4","0","0","2","21"
"STATE_MIRANDA","VNZ","0","3","4","0","0","0","7"
"STATE_MISSISSIPPI","USA","0","18","8","0","0","0","26"
"STATE_MISSOURI","USA","0","3","4","0","0","0","7"
"STATE_MOCAMBIQUE","MRV","0","0","0","0","0","0","0"
"STATE_MOCAMBIQUE","POR","0","0","2","0","0","0","2"
"STATE_MOCAMBIQUE","TGI","0","0","2","0","0","0","2"
"STATE_MOGILEV","RUS","0","24","4","0","0","0","28"
"STATE_MOLDAVIA","MOL","0","9","2","0","0","1","12"
"STATE_MOLUCCAS","DEI","0","9","0","0","0","0","9"
"STATE_MOLUCCAS","TID","0","12","0","0","0","0","12"
"STATE_MONTANA","ABS","0","0","0","0","0","0","0"
"STATE_MONTANA","BLF","0","0","0","0","0","0","0"
"STATE_MONTANA","LKT","0","0","0","0","0","0","0"
"STATE_MONTANA","USA","0","0","0","0","0","0","0"
"STATE_MONTENEGRO","AUS","0","0","0","0","0","0","0"
"STATE_MONTENEGRO","MON","0","0","0","0","0","0","0"
"STATE_MONTENEGRO","TUR","0","0","0","0","0","0","0"
"STATE_MORAVIA","AUS","0","18","6","0","0","3","27"
"STATE_MOSCOW","RUS","0","33","0","0","0","8","41"
"STATE_MOSUL","TUR","0","0","2","0","0","0","2"
"STATE_MUNSTER","GBR","0","0","3","0","0","3","6"
"STATE_MURCIA","SPA","0","9","2","0","0","0","11"
"STATE_MYSORE","BIC","0","9","0","0","0","0","9"
"STATE_MYSORE","MYS","0","36","0","0","0","4","40"
"STATE_NAKHON_RATCHASIMA","SIA","0","3","2","0","0","0","5"
"STATE_NAMAQUALAND","NAM","0","0","0","0","0","0","0"
"STATE_NANJING","CHI","0","30","10","0","0","0","40"
"STATE_NAURU","NRU","0","0","0","0","0","0","0"
"STATE_NEBRASKA","LKT","0","0","0","0","0","0","0"
"STATE_NEBRASKA","PWN","0","0","0","0","0","0","0"
"STATE_NEBRASKA","USA","0","0","0","0","0","0","0"
"STATE_NEJD","NEJ","0","0","0","0","0","0","0"
"STATE_NENETSIA","RUS","0","0","0","0","0","0","0"
"STATE_NEVADA","MEX","0","0","0","0","0","0","0"
"STATE_NEW_BRUNSWICK","NBS","0","9","0","0","0","0","9"
"STATE_NEW_BRUNSWICK","NVS","0","0","0","0","0","0","0"
"STATE_NEW_CASTILE","SPA","0","12","4","0","0","3","19"
"STATE_NEW_HAMPSHIRE","USA","0","3","0","0","0","0","3"
"STATE_NEW_JERSEY","USA","0","6","2","0","0","0","8"
"STATE_NEW_MEXICO","APC","0","0","0","0","0","0","0"
"STATE_NEW_MEXICO","COM","0","0","0","0","0","0","0"
"STATE_NEW_MEXICO","MEX","0","0","0","0","0","0","0"
"STATE_NEW_MEXICO","NVJ","0","0","0","0","0","0","0"
"STATE_NEW_SOUTH_WALES","NSW","0","0","2","0","0","0","2"
"STATE_NEW_YORK","USA","0","18","6","0","0","0","24"
"STATE_NEWFOUNDLAND","GBR","0","0","0","0","0","0","0"
"STATE_NGARI","TIB","0","0","0","0","0","0","0"
"STATE_NICARAGUA","MKT","0","0","0","0","0","0","0"
"STATE_NICARAGUA","UCA","0","6","0","0","0","0","6"
"STATE_NIGER","AIR","0","0","0","0","0","0","0"
"STATE_NIGER_DELTA","IBO","0","0","0","0","0","0","0"
"STATE_NIGERIA","SOK","0","6","4","0","0","0","10"
"STATE_NINGXIA","CHI","0","9","0","0","0","5","14"
"STATE_NIZHNY_NOVGOROD","RUS","0","9","0","0","0","0","9"
"STATE_NORMANDY","FRA","0","3","8","0","0","0","11"
"STATE_NORRLAND","SWE","0","9","0","0","0","0","9"
"STATE_NORTH_ANGOLA","POR","0","6","2","0","0","0","8"
"STATE_NORTH_BORNEO","BLG","0","0","0","0","0","0","0"
"STATE_NORTH_BORNEO","BRU","0","0","0","0","0","0","0"
"STATE_NORTH_BORNEO","SUL","0","3","0","0","0","0","3"
"STATE_NORTH_CAMEROON","BMM","0","0","0","0","0","0","0"
"STATE_NORTH_CAMEROON","SOK","0","0","2","0","0","0","2"
"STATE_NORTH_CAROLINA","USA","0","39","10","0","0","0","49"
"STATE_NORTH_CAUCASUS","CHC","0","0","4","0","0","1","5"
"STATE_NORTH_CAUCASUS","CIR","0","3","0","0","0","3","6"
"STATE_NORTH_CAUCASUS","RUS","0","0","0","0","0","0","0"
"STATE_NORTH_DAKOTA","LKT","0","0","0","0","0","0","0"
"STATE_NORTH_DAKOTA","USA","0","0","0","0","0","0","0"
"STATE_NORTH_ISLAND","NSW","0","0","0","0","0","0","0"
"STATE_NORTH_ISLAND","NTO","0","0","0","0","0","0","0"
"STATE_NORTH_ISLAND","UNT","0","0","0","0","0","0","0"
"STATE_NORTH_MADAGASCAR","MAD","0","6","0","0","0","0","6"
"STATE_NORTH_RHINE","PRU","0","24","10","0","0","0","34"
"STATE_NORTH_SUMATRA","DEI","0","3","0","0","0","0","3"
"STATE_NORTH_SUMATRA","JMB","0","3","2","0","0","0","5"
"STATE_NORTH_SUMATRA","SAK","0","3","2","0","0","0","5"
"STATE_NORTHERN_ANHUI","CHI","0","45","12","0","0","0","57"
"STATE_NORTHERN_CAPE","SAF","0","0","0","0","0","0","0"
"STATE_NORTHERN_CAPE","TSW","0","0","0","0","0","0","0"
"STATE_NORTHERN_CAPE","WBL","0","0","0","0","0","0","0"
"STATE_NORTHERN_MANCHURIA","CHI","0","24","0","0","0","0","24"
"STATE_NORTHERN_NORWAY","NOR","0","0","0","0","0","0","0"
"STATE_NORTHERN_TERRITORY","NSW","0","0","0","0","0","0","0"
"STATE_NORTHERN_THRACE","TUR","0","21","4","0","0","0","25"
"STATE_NORTHERN_TRANSYLVANIA","TRS","0","9","2","0","0","2","13"
"STATE_NORTHWEST_TERRITORIES","HBC","0","0","0","0","0","0","0"
"STATE_NOVGOROD","RUS","0","15","0","0","0","8","23"
"STATE_NUNAVUT","HBC","0","0","0","0","0","0","0"
"STATE_OAXACA","MEX","0","0","2","0","0","1","3"
"STATE_OB","RUS","0","0","0","0","0","0","0"
"STATE_OHIO","USA","0","9","8","0","0","0","17"
"STATE_OKHOTSK","RUS","0","0","0","0","0","0","0"
"STATE_OKLAHOMA","COM","0","0","0","0","0","0","0"
"STATE_OKLAHOMA","SEQ","0","3","0","0","0","0","3"
"STATE_OLD_CASTILE","SPA","0","12","14","0","0","3","29"
"STATE_OMAN","OMA","0","0","0","0","0","0","0"
"STATE_ONTARIO","HBC","0","3","0","0","0","0","3"
"STATE_ONTARIO","ONT","0","21","2","0","0","0","23"
"STATE_ORAN","FRA","0","0","2","0","0","0","2"
"STATE_ORAN","MAS","0","0","6","0","0","0","6"
"STATE_OREGON","ORG","0","3","0","0","0","0","3"
"STATE_ORISSA","BIC","0","15","0","0","0","0","15"
"STATE_ORISSA","MYB","0","3","0","0","0","0","3"
"STATE_ORLEANS","FRA","0","9","10","0","0","0","19"
"STATE_OROMIA","ARS","0","0","4","0","0","0","4"
"STATE_OROMIA","HAR","0","0","2","0","0","0","2"
"STATE_OROMIA","SHW","0","9","4","0","0","0","13"
"STATE_ORYOL","RUS","0","30","16","0","0","4","50"
"STATE_OSTROBOTHNIA","FIN","0","3","2","0","0","0","5"
"STATE_OULU","FIN","0","3","0","0","0","0","3"
"STATE_OUTER_HAUSALAND","BOR","0","0","0","0","0","0","0"
"STATE_OUTER_HAUSALAND","HAU","0","0","2","0","0","0","2"
"STATE_OUTER_HAUSALAND","SOK","0","0","0","0","0","0","0"
"STATE_OUTER_MANCHURIA","CHI","0","0","0","0","0","0","0"
"STATE_PALESTINE","EGY","0","0","0","0","0","3","3"
"STATE_PANAMA","CLM","0","6","0","0","0","0","6"
"STATE_PARA","PRA","0","3","4","0","0","0","7"
"STATE_PARAIBA","BRZ","0","3","2","0","0","1","6"
"STATE_PARANA","BRZ","0","6","4","0","0","0","10"
"STATE_PASHTUNISTAN","KAB","0","6","22","0","0","0","28"
"STATE_PASHTUNISTAN","PAN","0","3","6","0","0","0","9"
"STATE_PASTAZA","ECU","0","0","0","0","0","0","0"
"STATE_PASTAZA","NPU","0","0","0","0","0","0","0"
"STATE_PATAGONIA","PAT","0","0","0","0","0","0","0"
"STATE_PATAGONIA","THL","0","0","0","0","0","0","0"
"STATE_PEGU","BIC","0","0","0","0","0","0","0"
"STATE_PEGU","BUR","0","6","2","0","0","0","8"
"STATE_PEGU","DEN","0","0","0","0","0","0","0"
"STATE_PELOPONNESE","GRE","0","3","2","0","0","0","5"
"STATE_PENNSYLVANIA","USA","0","33","6","0","0","0","39"
"STATE_PERM","RUS","0","12","0","0","0","0","12"
"STATE_PERNAMBUCO","BRZ","0","27","8","0","0","2","37"
"STATE_PERSIAN_KURDISTAN","PER","0","0","0","0","0","0","0"
"STATE_PIAUI","BRZ","0","3","2","0","0","0","5"
"STATE_PICARDY","FRA","0","0","10","0","0","0","10"
"STATE_PIEDMONT","SAR","0","9","5","0","0","5","19"
"STATE_POITOU","FRA","0","6","4","0","0","0","10"
"STATE_POMERANIA","PRU","0","6","1","0","0","5","12"
"STATE_POSEN","PRU","0","0","2","0","0","5","7"
"STATE_POTOSI","BOL","0","18","0","0","0","0","18"
"STATE_PROVENCE","FRA","0","39","12","0","0","0","51"
"STATE_PROVENCE","SAR","0","0","2","0","0","1","3"
"STATE_PSKOV","RUS","0","6","10","0","0","0","16"
"STATE_PUERTO_RICO","PCO","0","18","0","0","0","1","19"
"STATE_PUNJAB","BHW","0","0","0","0","0","2","2"
"STATE_PUNJAB","PAN","0","42","4","0","0","12","58"
"STATE_PYONGYANG","KOR","0","3","4","0","0","0","7"
"STATE_QINGHAI","CHI","0","0","0","0","0","0","0"
"STATE_QUEBEC","HBC","0","3","0","0","0","0","3"
"STATE_QUEBEC","QUE","0","6","4","0","0","0","10"
"STATE_QUEENSLAND","NSW","0","0","0","0","0","0","0"
"STATE_RAJPUTANA","ALW","0","0","0","0","0","4","4"
"STATE_RAJPUTANA","BIK","0","0","0","0","0","4","4"
"STATE_RAJPUTANA","JAI","0","6","0","0","0","8","14"
"STATE_RAJPUTANA","JAS","0","0","0","0","0","4","4"
"STATE_RAJPUTANA","JOD","0","0","0","0","0","10","10"
"STATE_RAJPUTANA","KOT","0","0","0","0","0","4","4"
"STATE_RAJPUTANA","MEW","0","12","0","0","0","4","16"
"STATE_RHINELAND","BAV","0","3","2","0","0","0","5"
"STATE_RHINELAND","PRU","0","6","4","0","0","2","12"
"STATE_RHODE_ISLAND","USA","0","0","0","0","0","0","0"
"STATE_RHONE","FRA","20","75","18","0","0","0","113"
"STATE_RIFT_VALLEY","LUO","0","0","0","0","0","0","0"
"STATE_RIFT_VALLEY","MSI","0","0","0","0","0","0","0"
"STATE_RIFT_VALLEY","TRK","0","0","0","0","0","0","0"
"STATE_RIGA","RUS","0","0","0","0","0","2","2"
"STATE_RIGA","UBD","0","0","6","0","0","0","6"
"STATE_RIO_DE_JANEIRO","BRZ","10","21","12","0","0","0","43"
"STATE_RIO_GRANDE","MEX","0","3","2","0","0","0","5"
"STATE_RIO_GRANDE_DO_NORTE","BRZ","0","3","2","0","0","0","5"
"STATE_RIO_GRANDE_DO_SUL","PNI","0","3","4","0","0","2","9"
"STATE_RIO_NEGRO","ARG","0","0","0","0","0","0","0"
"STATE_RIO_NEGRO","PAT","0","0","0","0","0","0","0"
"STATE_ROMAGNA","PAP","0","6","10","0","0","1","17"
"STATE_ROSTOV","RUS","0","9","0","0","0","0","9"
"STATE_RUHR","PRU","0","18","3","0","0","9","30"
"STATE_RUTHENIA","HUN","0","9","2","0","0","0","11"
"STATE_RYAZAN","RUS","0","6","0","0","0","0","6"
"STATE_RYUKYU_ISLANDS","JAP","0","3","0","0","0","0","3"
"STATE_RYUKYU_ISLANDS","RYU","0","3","2","0","0","0","5"
"STATE_SAHARA","TUA","0","0","0","0","0","0","0"
"STATE_SAKHALIN","AIN","0","0","0","0","0","0","0"
"STATE_SAKHALIN","ALK","0","0","0","0","0","0","0"
"STATE_SAKHALIN","EZO","0","0","0","0","0","0","0"
"STATE_SAKHALIN","SKH","0","0","0","0","0","0","0"
"STATE_SAKHALIN","ULT","0","0","0","0","0","0","0"
"STATE_SAMARA","KZH","0","0","0","0","0","0","0"
"STATE_SAMARA","RUS","0","3","8","0","0","0","11"
"STATE_SAN_SALVADOR","UCA","0","0","2","0","0","0","2"
"STATE_SANTA_CATARINA","BRZ","0","3","2","0","0","0","5"
"STATE_SANTA_CRUZ","BOL","0","0","2","0","0","0","2"
"STATE_SANTA_FE","ARG","0","6","0","0","0","0","6"
"STATE_SANTA_FE","GNI","0","0","0","0","0","0","0"
"STATE_SANTIAGO","CHL","0","15","2","0","0","2","19"
"STATE_SANTO_DOMINGO","HAI","0","6","2","0","0","0","8"
"STATE_SAO_PAULO","BRZ","0","21","8","0","0","0","29"
"STATE_SARDINIA","SAR","0","27","0","0","0","1","28"
"STATE_SARIWON","KOR","0","6","2","0","0","0","8"
"STATE_SASKATCHEWAN","HBC","0","0","0","0","0","0","0"
"STATE_SASKATCHEWAN","IRC","0","0","0","0","0","0","0"
"STATE_SAVOY","SAR","0","6","2","0","0","1","9"
"STATE_SAXONY","COB","0","0","2","0","0","0","2"
"STATE_SAXONY","MEI","0","0","2","0","0","0","2"
"STATE_SAXONY","SAX","0","18","4","0","0","5","27"
"STATE_SAXONY","SCW","0","3","4","0","0","0","7"
"STATE_SAXONY","WEI","0","3","4","0","0","0","7"
"STATE_SCANIA","SWE","0","0","4","0","0","2","6"
"STATE_SCHLESWIG_HOLSTEIN","HOL","0","6","2","0","0","2","10"
"STATE_SCHLESWIG_HOLSTEIN","LUB","0","0","0","0","0","0","0"
"STATE_SCHLESWIG_HOLSTEIN","SCH","0","0","2","0","0","1","3"
"STATE_SEMIRECHE","OZH","0","0","0","0","0","0","0"
"STATE_SEMNAN","PER","0","0","0","0","0","0","0"
"STATE_SENEGAL","CAY","0","0","0","0","0","0","0"
"STATE_SENEGAL","FRA","0","0","0","0","0","0","0"
"STATE_SENEGAL","FTR","0","0","2","0","0","0","2"
"STATE_SENEGAL","JLF","0","0","0","0","0","0","0"
"STATE_SENEGAL","SIL","0","0","0","0","0","0","0"
"STATE_SEOUL","KOR","0","9","6","0","0","0","15"
"STATE_SHAN_STATES","BUR","0","3","0","0","0","0","3"
"STATE_SHANDONG","CHI","0","9","6","0","0","0","15"
"STATE_SHANXI","CHI","0","0","14","0","0","10","24"
"STATE_SHAOZHOU","CHI","0","66","16","0","0","0","82"
"STATE_SHENGJING","CHI","0","0","0","0","0","0","0"
"STATE_SHIKOKU","JAP","0","18","0","0","0","0","18"
"STATE_SICHUAN","CHI","0","48","0","0","0","0","48"
"STATE_SICILY","SIC","0","30","5","0","0","2","37"
"STATE_SIERRA_LEONE","SIL","0","0","4","0","0","0","4"
"STATE_SINAI","EGY","0","0","0","0","0","0","0"
"STATE_SINALOA","MEX","0","0","0","0","0","0","0"
"STATE_SINDH","SIN","0","0","2","0","0","10","12"
"STATE_SISTAN","MAK","0","3","0","0","0","1","4"
"STATE_SISTAN","OMA","0","0","0","0","0","0","0"
"STATE_SKOPIA","TUR","0","18","2","0","0","5","25"
"STATE_SLAVONIA","CRO","0","0","2","0","0","0","2"
"STATE_SLOVAKIA","HUN","0","6","4","0","0","3","13"
"STATE_SLOVENIA","AUS","0","6","6","0","0","0","12"
"STATE_SMOLENSK","RUS","0","24","6","0","0","0","30"
"STATE_SOLOMON_ISLANDS","BLA","0","0","0","0","0","0","0"
"STATE_SOMALILAND","GLD","0","0","2","0","0","0","2"
"STATE_SOMALILAND","ISQ","0","0","2","0","0","0","2"
"STATE_SOMALILAND","MJT","0","0","0","0","0","0","0"
"STATE_SOMALILAND","WSG","0","0","2","0","0","0","2"
"STATE_SONORA","MEX","0","0","0","0","0","0","0"
"STATE_SOUTH_ANGOLA","OVM","0","0","0","0","0","0","0"
"STATE_SOUTH_ANGOLA","POR","0","3","2","0","0","0","5"
"STATE_SOUTH_ATLANTIC_ISLANDS","GBR","0","0","0","0","0","0","0"
"STATE_SOUTH_AUSTRALIA","KAU","0","0","2","0","0","0","2"
"STATE_SOUTH_AUSTRALIA","SAS","0","0","2","0","0","0","2"
"STATE_SOUTH_CAMEROON","DLA","0","0","0","0","0","0","0"
"STATE_SOUTH_CAMEROON","FNG","0","0","0","0","0","0","0"
"STATE_SOUTH_CAMEROON","POR","0","3","0","0","0","0","3"
"STATE_SOUTH_CAMEROON","SIL","0","0","0","0","0","0","0"
"STATE_SOUTH_CAROLINA","USA","0","51","10","0","0","0","61"
"STATE_SOUTH_DAKOTA","LKT","0","0","0","0","0","0","0"
"STATE_SOUTH_DAKOTA","USA","0","0","0","0","0","0","0"
"STATE_SOUTH_ISLAND","NTO","0","0","0","0","0","0","0"
"STATE_SOUTH_ISLAND","NTU","0","0","0","0","0","0","0"
"STATE_SOUTH_MADAGASCAR","MAD","0","6","2","0","0","0","8"
"STATE_SOUTH_SUMATRA","DEI","0","6","0","0","0","0","6"
"STATE_SOUTH_TYROL","AUS","0","3","2","0","0","0","5"
"STATE_SOUTHERN_ANHUI","CHI","0","30","24","0","0","0","54"
"STATE_SOUTHERN_MANCHURIA","CHI","0","39","0","0","0","0","39"
"STATE_SOUTHERN_TRANSYLVANIA","TRS","0","27","2","0","0","1","30"
"STATE_STAVROPOL","RUS","0","0","0","0","0","0","0"
"STATE_STYRIA","AUS","0","12","2","0","0","1","15"
"STATE_SUNDA_ISLANDS","BAL","0","3","2","0","0","0","5"
"STATE_SUNDA_ISLANDS","DEI","0","9","0","0","0","0","9"
"STATE_SUNDA_ISLANDS","POR","0","6","0","0","0","0","6"
"STATE_SURGUT","RUS","0","0","0","0","0","0","0"
"STATE_SUZHOU","CHI","0","36","0","0","0","0","36"
"STATE_SVEALAND","SWE","0","33","2","0","0","4","39"
"STATE_SYRDARYA","KZH","0","0","0","0","0","0","0"
"STATE_SYRDARYA","OZH","0","0","0","0","0","0","0"
"STATE_SYRDARYA","UZH","0","0","0","0","0","0","0"
"STATE_SYRIA","EGY","0","6","4","0","0","0","10"
"STATE_TABRIZ","PER","0","18","2","0","0","0","20"
"STATE_TAHITI","PLY","0","0","2","0","0","0","2"
"STATE_TAJIKISTAN","BUK","0","0","0","0","0","0","0"
"STATE_TAJIKISTAN","KOK","0","3","0","0","0","0","3"
"STATE_TALINN","UBD","0","0","2","0","0","0","2"
"STATE_TAMBOV","RUS","0","6","8","0","0","0","14"
"STATE_TANGANYIKA","BRD","0","0","0","0","0","0","0"
"STATE_TANGANYIKA","KRG","0","0","0","0","0","0","0"
"STATE_TANGANYIKA","MSI","0","0","0","0","0","0","0"
"STATE_TANGANYIKA","NYM","0","0","0","0","0","0","0"
"STATE_TANGANYIKA","RWD","0","0","0","0","0","0","0"
"STATE_TARAPACA","SPU","0","0","0","0","0","0","0"
"STATE_TARTARIA","RUS","0","24","10","0","0","0","34"
"STATE_TARTU","UBD","0","0","0","0","0","0","0"
"STATE_TASMANIA","TAS","0","3","0","0","0","0","3"
"STATE_TAURIDA","RUS","0","0","40","0","0","0","40"
"STATE_TENASSERIM","BIC","0","6","0","0","0","0","6"
"STATE_TENASSERIM","SIA","0","0","0","0","0","0","0"
"STATE_TENNESSEE","USA","0","69","20","0","0","0","89"
"STATE_TEXAS","COM","0","0","0","0","0","0","0"
"STATE_TEXAS","MEX","0","0","0","0","0","0","0"
"STATE_TEXAS","TEX","0","0","2","0","0","1","3"
"STATE_THESSALIA","TUR","0","6","4","0","0","0","10"
"STATE_TIANSHAN","CHI","0","0","0","0","0","0","0"
"STATE_TIMBUKTU","ADG","0","0","0","0","0","0","0"
"STATE_TIMBUKTU","MSN","0","0","0","0","0","0","0"
"STATE_TOBOLSK","RUS","0","0","0","0","0","0","0"
"STATE_TOGO","ASH","0","0","0","0","0","0","0"
"STATE_TOGO","EWE","0","0","0","0","0","0","0"
"STATE_TOHOKU","JAP","0","12","6","0","0","0","18"
"STATE_TOKAI","JAP","0","39","4","0","0","0","43"
"STATE_TOMSK","RUS","0","0","0","0","0","0","0"
"STATE_TONGA","TNG","0","0","0","0","0","0","0"
"STATE_TONKIN","DAI","0","12","2","0","0","0","14"
"STATE_TRABZON","TUR","0","15","0","0","0","0","15"
"STATE_TRANS_BAIKAL","RUS","0","3","0","0","0","0","3"
"STATE_TRANSDANUBIA","HUN","0","9","2","0","0","3","14"
"STATE_TRANSJORDAN","EGY","0","0","0","0","0","0","0"
"STATE_TRANSVAAL","MTB","0","0","0","0","0","0","0"
"STATE_TRANSVAAL","SWZ","0","0","2","0","0","0","2"
"STATE_TRANSVAAL","TRN","0","0","2","0","0","0","2"
"STATE_TRAVANCORE","BIC","0","3","0","0","0","6","9"
"STATE_TRAVANCORE","TRA","0","9","0","0","0","2","11"
"STATE_TRIPOLI","FZN","0","0","2","0","0","0","2"
"STATE_TRIPOLI","TRI","0","0","0","0","0","0","0"
"STATE_TUCUMAN","ARG","0","3","0","0","0","0","3"
"STATE_TUNISIA","TUN","0","12","4","0","0","0","16"
"STATE_TURKMENIA","KHI","0","0","0","0","0","0","0"
"STATE_TUSCANY","TUS","0","39","24","0","0","3","66"
"STATE_TUVA","CHI","0","0","0","0","0","0","0"
"STATE_TVER","RUS","0","30","0","0","0","0","30"
"STATE_TYROL","AUS","0","9","0","0","0","0","9"
"STATE_UBANGI_SHARI","DAK","0","0","0","0","0","0","0"
"STATE_UBANGI_SHARI","ZND","0","0","0","0","0","0","0"
"STATE_UFA","RUS","0","3","0","0","0","0","3"
"STATE_UGANDA","ANK","0","0","0","0","0","0","0"
"STATE_UGANDA","BNY","0","0","0","0","0","0","0"
"STATE_UGANDA","BUG","0","3","4","0","0","0","7"
"STATE_ULIASTAI","CHI","0","0","0","0","0","0","0"
"STATE_ULSTER","GBR","0","6","3","0","0","0","9"
"STATE_UMBRIA","PAP","0","9","0","0","0","0","9"
"STATE_UPPER_ANDALUSIA","GBR","0","0","0","0","0","0","0"
"STATE_UPPER_ANDALUSIA","SPA","0","9","4","0","0","0","13"
"STATE_UPPER_EGYPT","EGY","0","0","4","0","0","0","4"
"STATE_UPPER_SILESIA","PRU","0","36","2","0","0","0","38"
"STATE_UPPER_YENISEYSK","RUS","0","0","0","0","0","0","0"
"STATE_URAL","RUS","0","12","0","0","0","0","12"
"STATE_URALSK","KZH","0","0","0","0","0","0","0"
"STATE_URALSK","RUS","0","0","0","0","0","0","0"
"STATE_URGA","CHI","0","0","6","0","0","0","6"
"STATE_URMIA","PER","0","0","2","0","0","0","2"
"STATE_URUGUAY","URU","0","3","2","0","0","1","6"
"STATE_UTAH","MEX","0","0","0","0","0","0","0"
"STATE_UTAH","NVJ","0","0","0","0","0","0","0"
"STATE_UTAH","UTE","0","0","0","0","0","0","0"
"STATE_UUSIMAA","FIN","0","6","2","0","0","0","8"
"STATE_UZBEKIA","BUK","0","6","2","0","0","0","8"
"STATE_VALENCIA","SPA","0","24","6","0","0","2","32"
"STATE_VANUATU","VNT","0","0","0","0","0","0","0"
"STATE_VENETIA","AUS","0","24","4","0","0","0","28"
"STATE_VERACRUZ","MEX","0","9","2","0","0","1","12"
"STATE_VERMONT","USA","0","3","0","0","0","0","3"
"STATE_VICTORIA","NSW","0","3","0","0","0","0","3"
"STATE_VILNIUS","RUS","0","0","4","0","0","0","4"
"STATE_VIRGINIA","USA","0","39","10","0","0","0","49"
"STATE_VISAYAS","PHI","0","12","0","0","0","0","12"
"STATE_VITEBSK","RUS","0","18","10","0","0","0","28"
"STATE_VOLHYNIA","RUS","0","12","4","0","0","0","16"
"STATE_VOLTA","KNG","0","0","0","0","0","0","0"
"STATE_VOLTA","MOS","0","0","0","0","0","0","0"
"STATE_VRYSTAAT","BST","0","0","0","0","0","0","0"
"STATE_VRYSTAAT","ORA","0","0","0","0","0","0","0"
"STATE_VRYSTAAT","PHL","0","0","0","0","0","0","0"
"STATE_VYATKA","RUS","0","6","0","0","0","0","6"
"STATE_WADDAI","BGI","0","0","0","0","0","0","0"
"STATE_WADDAI","BOR","0","0","0","0","0","0","0"
"STATE_WADDAI","WAD","0","0","2","0","0","0","2"
"STATE_WALES","GBR","0","21","0","0","0","0","21"
"STATE_WALLACHIA","WAL","0","45","28","0","0","1","74"
"STATE_WALLONIA","BEL","20","48","7","0","0","6","81"
"STATE_WALLONIA","LUX","0","0","2","0","0","0","2"
"STATE_WASHINGTON","ORG","0","0","0","0","0","0","0"
"STATE_WEST_AEGEAN_ISLANDS","GRE","0","0","0","0","0","0","0"
"STATE_WEST_BENGAL","BIC","10","153","0","0","0","1","164"
"STATE_WEST_BORNEO","DEI","0","0","0","0","0","0","0"
"STATE_WEST_BORNEO","LAN","0","0","0","0","0","0","0"
"STATE_WEST_BORNEO","PON","0","6","2","0","0","0","8"
"STATE_WEST_BORNEO","SMB","0","0","0","0","0","0","0"
"STATE_WEST_BORNEO","STG","0","0","2","0","0","0","2"
"STATE_WEST_COUNTRY","GBR","10","6","2","0","0","2","20"
"STATE_WEST_GALICIA","AUS","0","3","4","0","0","4","11"
"STATE_WEST_GALICIA","KRA","0","0","2","0","0","0","2"
"STATE_WEST_INDIES","DEN","0","3","0","0","0","0","3"
"STATE_WEST_INDIES","FRA","0","21","0","0","0","0","21"
"STATE_WEST_INDIES","GBR","0","18","0","0","0","0","18"
"STATE_WEST_INDIES","NET","0","3","0","0","0","0","3"
"STATE_WEST_INDIES","VNZ","0","3","0","0","0","0","3"
"STATE_WEST_JAVA","DEI","0","60","34","0","0","1","95"
"STATE_WEST_KARELIA","FIN","0","3","2","0","0","0","5"
"STATE_WEST_MICRONESIA","MCR","0","0","0","0","0","0","0"
"STATE_WEST_MICRONESIA","PHI","0","0","0","0","0","0","0"
"STATE_WEST_PRUSSIA","PRU","0","0","3","0","0","2","5"
"STATE_WEST_SWITZERLAND","SWI","0","3","6","0","0","0","9"
"STATE_WEST_VIRGINIA","USA","0","12","0","0","0","0","12"
"STATE_WESTERN_AUSTRALIA","WAS","0","3","0","0","0","0","3"
"STATE_WESTERN_CUBA","CUB","0","39","2","0","0","1","42"
"STATE_WESTERN_HUBEI","CHI","0","30","12","0","0","0","42"
"STATE_WESTERN_MALI","KRT","0","0","0","0","0","0","0"
"STATE_WESTERN_MALI","SGU","0","0","2","0","0","0","2"
"STATE_WESTERN_NEW_GUINEA","PPU","0","0","0","0","0","0","0"
"STATE_WESTERN_NEW_GUINEA","TID","0","3","0","0","0","0","3"
"STATE_WESTERN_NORWAY","NOR","0","3","0","0","0","0","3"
"STATE_WESTERN_SERBIA","SER","0","0","2","0","0","1","3"
"STATE_WESTERN_THRACE","TUR","0","9","4","0","0","0","13"
"STATE_WESTPHALIA","LIP","0","0","2","0","0","0","2"
"STATE_WESTPHALIA","PRU","0","15","2","0","0","0","17"
"STATE_WESTPHALIA","SCM","0","0","0","0","0","0","0"
"STATE_WINDWARD_COAST","BLE","0","0","0","0","0","0","0"
"STATE_WINDWARD_COAST","KBD","0","0","0","0","0","0","0"
"STATE_WINDWARD_COAST","KRU","0","0","0","0","0","0","0"
"STATE_WISCONSIN","USA","0","0","0","0","0","0","0"
"STATE_WURTTEMBERG","HOH","0","0","2","0","0","0","2"
"STATE_WURTTEMBERG","WUR","0","9","10","0","0","6","25"
"STATE_WYOMING","ARP","0","0","0","0","0","0","0"
"STATE_WYOMING","LKT","0","0","0","0","0","0","0"
"STATE_WYOMING","USA","0","0","0","0","0","0","0"
"STATE_XIAN","CHI","0","15","0","0","0","0","15"
"STATE_YAKUTSK","RUS","0","0","0","0","0","0","0"
"STATE_YANGHO","KOR","0","3","2","0","0","0","5"
"STATE_YAROSLAVL","RUS","0","12","0","0","0","0","12"
"STATE_YEMEN","HDJ","0","3","0","0","0","0","3"
"STATE_YEMEN","KAT","0","0","0","0","0","0","0"
"STATE_YEMEN","LAH","0","6","0","0","0","0","6"
"STATE_YEMEN","MAH","0","0","0","0","0","0","0"
"STATE_YEMEN","ZAI","0","3","4","0","0","0","7"
"STATE_YORKSHIRE","GBR","60","72","8","0","0","0","140"
"STATE_YORUBA_STATES","OYO","0","0","4","0","0","0","4"
"STATE_YUCATAN","MEX","0","3","0","0","0","0","3"
"STATE_YUKON_TERRITORY","HBC","0","0","0","0","0","0","0"
"STATE_YUNNAN","CHI","0","78","0","0","0","10","88"
"STATE_ZACATECAS","MEX","0","6","2","0","0","0","8"
"STATE_ZAMBEZI","MNC","0","0","0","0","0","0","0"
"STATE_ZAMBEZI","MSH","0","0","0","0","0","0","0"
"STATE_ZAMBEZIA","MNC","0","0","0","0","0","0","0"
"STATE_ZAMBEZIA","MSK","0","0","0","0","0","0","0"
"STATE_ZAMBEZIA","POR","0","0","4","0","0","0","4"
"STATE_ZAMBIA","BMB","0","0","0","0","0","0","0"
"STATE_ZAMBIA","LZO","0","0","0","0","0","0","0"
"STATE_ZANZIBAR","OMA","0","12","0","0","0","0","12"
"STATE_ZEALAND","DEN","0","6","8","0","0","7","21"
"STATE_ZHEJIANG","CHI","0","45","8","0","0","10","63"
"STATE_ZHILI","CHI","0","6","8","0","0","0","14"
"STATE_ZULIA","VNZ","0","9","0","0","0","2","11"
"STATE_ZULULAND","BST","0","0","0","0","0","0","0"
"STATE_ZULULAND","ZUL","0","3","0","0","0","0","3"
