"owner","ranch_levels","ranch_output","public_works","haulage","farm_draft","cavalry","other_demand","known_demand","balance"
"ABS","0","0","0","0","0","0","0","0","0"
"ABU","0","0","0","0","0","0","0","0","0"
"ACE","0","0","0","0","2","0","0","2","-2"
"ADG","0","0","0","0","0","0","0","0","0"
"AHG","0","0","0","0","0","0","0","0","0"
"AIN","0","0","0","0","0","0","0","0","0"
"AIR","0","0","0","0","0","0","0","0","0"
"AIT","0","0","0","3","2","0","0","5","-5"
"AJR","0","0","0","0","0","0","0","0","0"
"ALK","0","0","0","6","0","0","0","6","-6"
"ALW","0","0","0","0","0","4","0","4","-4"
"ANH","0","0","0","0","4","0","0","4","-4"
"ANK","0","0","0","0","0","0","0","0","0"
"APC","0","0","0","0","0","0","0","0","0"
"ARB","4","48","0","3","2","1","0","6","42"
"ARG","13","156","0","21","3","1","0","25","131"
"ARP","0","0","0","0","0","0","0","0","0"
"ARS","0","0","0","0","4","0","0","4","-4"
"ASH","0","0","0","0","0","0","0","0","0"
"ASM","0","0","0","9","0","1","0","10","-10"
"ATB","0","0","0","0","0","0","0","0","0"
"AUL","0","0","0","0","0","0","0","0","0"
"AUS","16","192","10","129","70","29","0","238","-46"
"AWA","0","0","0","75","0","11","0","86","-86"
"AWS","0","0","0","0","0","0","0","0","0"
"AYI","0","0","0","0","0","0","0","0","0"
"BAD","4","48","0","6","8","3","0","17","31"
"BAG","0","0","0","0","0","2","0","2","-2"
"BAL","0","0","0","3","2","0","0","5","-5"
"BAS","0","0","0","9","0","0","0","9","-9"
"BAV","4","48","20","27","38","12","0","97","-49"
"BCE","0","0","0","27","0","0","0","27","-27"
"BEL","0","0","40","60","13","8","0","121","-121"
"BEN","0","0","0","0","4","0","0","4","-4"
"BER","0","0","0","3","0","10","0","13","-13"
"BGI","0","0","0","0","0","0","0","0","0"
"BGM","0","0","0","3","2","0","0","5","-5"
"BHN","0","0","0","0","0","0","0","0","0"
"BHO","0","0","0","12","0","2","0","14","-14"
"BHU","0","0","0","0","0","0","0","0","0"
"BHV","0","0","0","3","0","2","0","5","-5"
"BHW","0","0","0","0","0","2","0","2","-2"
"BIC","0","0","20","654","0","37","0","711","-711"
"BIK","0","0","0","0","0","4","0","4","-4"
"BLA","0","0","0","0","0","0","0","0","0"
"BLE","0","0","0","0","0","0","0","0","0"
"BLF","0","0","0","0","0","0","0","0","0"
"BLG","0","0","0","0","0","0","0","0","0"
"BMB","0","0","0","0","0","0","0","0","0"
"BMM","0","0","0","0","0","0","0","0","0"
"BNG","0","0","0","0","0","0","0","0","0"
"BNJ","0","0","0","12","0","0","0","12","-12"
"BNY","0","0","0","0","0","0","0","0","0"
"BOB","0","0","0","0","0","0","0","0","0"
"BOL","0","0","0","36","4","0","0","40","-40"
"BOR","6","72","0","0","4","0","0","4","68"
"BRA","0","0","0","3","0","0","0","3","-3"
"BRD","0","0","0","0","0","0","0","0","0"
"BRE","0","0","0","0","0","0","0","0","0"
"BRG","0","0","0","0","4","0","0","4","-4"
"BRN","0","0","0","0","0","0","0","0","0"
"BRU","0","0","0","0","0","0","0","0","0"
"BRZ","32","384","10","201","70","3","0","284","100"
"BST","0","0","0","0","0","0","0","0","0"
"BTN","0","0","0","0","0","0","0","0","0"
"BUG","0","0","0","3","4","0","0","7","-7"
"BUK","5","60","0","6","2","0","0","8","52"
"BUN","0","0","0","3","0","2","0","5","-5"
"BUR","1","12","0","12","8","3","0","23","-11"
"CAM","0","0","0","3","2","0","0","5","-5"
"CAY","0","0","0","0","0","0","0","0","0"
"CHC","0","0","0","3","4","1","0","8","-8"
"CHI","78","936","30","1272","216","75","0","1593","-657"
"CHK","0","0","0","0","0","0","0","0","0"
"CHL","5","60","0","27","2","2","0","31","29"
"CHP","0","0","0","0","0","0","0","0","0"
"CIR","0","0","0","3","4","6","0","13","-13"
"CLM","0","0","0","45","10","2","0","57","-57"
"CMI","3","36","0","3","0","0","0","3","33"
"COB","0","0","0","0","2","0","0","2","-2"
"COM","0","0","0","0","0","0","0","0","0"
"CON","0","0","0","0","4","0","0","4","-4"
"CRO","3","36","0","9","6","0","0","15","21"
"CUB","3","36","0","69","6","1","0","76","-40"
"DAH","0","0","0","0","2","0","0","2","-2"
"DAI","0","0","0","12","4","0","0","16","-16"
"DAK","0","0","0","0","0","0","0","0","0"
"DEI","0","0","0","165","64","1","0","230","-230"
"DEN","3","36","0","9","24","9","0","42","-6"
"DFR","0","0","0","0","0","0","0","0","0"
"DFT","0","0","0","0","0","0","0","0","0"
"DLA","0","0","0","0","0","0","0","0","0"
"DNK","0","0","0","0","0","0","0","0","0"
"ECU","0","0","0","9","4","1","0","14","-14"
"EGY","11","132","0","120","40","13","0","173","-41"
"EWE","0","0","0","0","0","0","0","0","0"
"EZO","0","0","0","0","0","0","0","0","0"
"FIN","6","72","0","24","6","0","0","30","42"
"FJI","0","0","0","0","0","0","0","0","0"
"FNG","0","0","0","0","0","0","0","0","0"
"FRA","62","744","40","492","190","70","0","792","-48"
"FRM","0","0","0","0","0","0","0","0","0"
"FTJ","0","0","0","0","2","0","0","2","-2"
"FTR","0","0","0","0","2","0","0","2","-2"
"FZN","0","0","0","0","2","0","0","2","-2"
"GBR","19","228","200","324","70","23","0","617","-389"
"GGO","0","0","0","0","0","0","0","0","0"
"GJM","0","0","0","3","2","0","0","5","-5"
"GLD","0","0","0","0","2","0","0","2","-2"
"GNI","0","0","0","0","0","0","0","0","0"
"GRE","3","36","0","21","4","1","0","26","10"
"GWA","0","0","0","18","0","16","0","34","-34"
"GZA","0","0","0","0","2","0","0","2","-2"
"HAI","1","12","0","12","4","2","0","18","-6"
"HAM","0","0","0","3","0","0","0","3","-3"
"HAN","0","0","0","12","8","10","0","30","-30"
"HAR","0","0","0","0","2","0","0","2","-2"
"HAU","0","0","0","0","2","0","0","2","-2"
"HAW","0","0","0","9","2","0","0","11","-11"
"HBC","0","0","0","15","0","0","0","15","-15"
"HDJ","0","0","0","3","0","0","0","3","-3"
"HDY","0","0","0","3","2","0","0","5","-5"
"HEK","0","0","0","3","4","1","0","8","-8"
"HER","4","48","0","3","2","1","0","6","42"
"HES","0","0","0","3","4","2","0","9","-9"
"HHE","0","0","0","0","0","0","0","0","0"
"HLA","0","0","0","0","0","0","0","0","0"
"HMB","0","0","0","0","0","0","0","0","0"
"HOH","0","0","0","0","2","0","0","2","-2"
"HOL","0","0","0","6","2","2","0","10","-10"
"HRO","0","0","0","0","0","0","0","0","0"
"HUN","43","516","0","42","26","9","0","77","439"
"HYD","5","60","0","21","0","7","0","28","32"
"IBO","0","0","0","0","0","0","0","0","0"
"IDA","0","0","0","0","0","2","0","2","-2"
"IND","0","0","0","21","0","8","0","29","-29"
"ION","0","0","0","0","2","0","0","2","-2"
"IQU","0","0","0","0","2","0","0","2","-2"
"IRC","0","0","0","0","0","0","0","0","0"
"ISQ","0","0","0","0","2","0","0","2","-2"
"JAB","0","0","0","0","0","0","0","0","0"
"JAI","0","0","0","6","0","8","0","14","-14"
"JAP","8","96","0","165","40","0","0","205","-109"
"JAS","0","0","0","0","0","4","0","4","-4"
"JEY","0","0","0","3","0","2","0","5","-5"
"JHN","0","0","0","3","0","2","0","5","-5"
"JLF","0","0","0","0","0","0","0","0","0"
"JMB","0","0","0","3","2","0","0","5","-5"
"JOD","0","0","0","0","0","10","0","10","-10"
"JOH","0","0","0","15","2","0","0","17","-17"
"JUN","0","0","0","0","0","2","0","2","-2"
"KAB","0","0","0","18","22","2","0","42","-42"
"KAL","0","0","0","9","0","1","0","10","-10"
"KAN","4","48","0","3","2","2","0","7","41"
"KAS","0","0","0","9","0","6","0","15","-15"
"KAT","0","0","0","0","0","0","0","0","0"
"KAU","0","0","0","0","2","0","0","2","-2"
"KBA","0","0","0","0","0","0","0","0","0"
"KBD","0","0","0","0","0","0","0","0","0"
"KFA","0","0","0","0","2","0","0","2","-2"
"KHI","0","0","0","3","8","0","0","11","-11"
"KHP","0","0","0","0","0","2","0","2","-2"
"KKY","0","0","0","0","0","0","0","0","0"
"KNG","0","0","0","0","0","0","0","0","0"
"KNK","0","0","0","0","0","0","0","0","0"
"KNO","0","0","0","0","0","2","0","2","-2"
"KOK","5","60","0","6","2","0","0","8","52"
"KON","0","0","0","0","2","0","0","2","-2"
"KOR","21","252","0","27","16","0","0","43","209"
"KOT","0","0","0","0","0","4","0","4","-4"
"KRA","0","0","0","0","2","0","0","2","-2"
"KRG","0","0","0","0","0","0","0","0","0"
"KRT","0","0","0","0","0","0","0","0","0"
"KRU","0","0","0","0","0","0","0","0","0"
"KSN","0","0","0","0","0","0","0","0","0"
"KTI","0","0","0","0","0","0","0","0","0"
"KUN","0","0","0","0","2","2","0","4","-4"
"KUT","0","0","0","0","0","2","0","2","-2"
"KZH","0","0","0","0","0","0","0","0","0"
"KZM","0","0","0","0","0","0","0","0","0"
"LAD","0","0","0","0","0","0","0","0","0"
"LAH","0","0","0","6","0","0","0","6","-6"
"LAN","0","0","0","0","0","0","0","0","0"
"LBA","0","0","0","0","0","0","0","0","0"
"LGA","0","0","0","0","0","0","0","0","0"
"LIB","0","0","0","3","2","0","0","5","-5"
"LIP","0","0","0","0","2","0","0","2","-2"
"LKT","0","0","0","0","0","0","0","0","0"
"LND","0","0","0","0","0","0","0","0","0"
"LNG","0","0","0","0","0","0","0","0","0"
"LUA","0","0","0","6","0","0","0","6","-6"
"LUB","0","0","0","0","0","0","0","0","0"
"LUC","0","0","0","0","0","0","0","0","0"
"LUO","0","0","0","0","0","0","0","0","0"
"LUX","0","0","0","0","2","0","0","2","-2"
"LZO","0","0","0","0","0","0","0","0","0"
"MAD","0","0","0","12","2","0","0","14","-14"
"MAH","0","0","0","0","0","0","0","0","0"
"MAI","0","0","0","0","4","1","0","5","-5"
"MAK","0","0","0","3","2","1","0","6","-6"
"MAS","0","0","0","3","10","2","0","15","-15"
"MBS","0","0","0","0","0","0","0","0","0"
"MCR","0","0","0","0","0","0","0","0","0"
"MDK","0","0","0","0","0","0","0","0","0"
"MEC","0","0","0","0","4","2","0","6","-6"
"MEI","0","0","0","0","2","0","0","2","-2"
"MEW","0","0","0","12","0","4","0","16","-16"
"MEX","49","588","0","84","16","2","0","102","486"
"MGD","0","0","0","0","2","0","0","2","-2"
"MJT","0","0","0","0","0","0","0","0","0"
"MKT","0","0","0","0","0","0","0","0","0"
"MNB","0","0","0","0","0","0","0","0","0"
"MNC","0","0","0","0","0","0","0","0","0"
"MNP","0","0","0","0","0","1","0","1","-1"
"MOD","0","0","0","6","8","1","0","15","-15"
"MOL","5","60","0","9","2","1","0","12","48"
"MON","0","0","0","0","0","0","0","0","0"
"MOR","8","96","0","9","0","0","0","9","87"
"MOS","0","0","0","0","0","0","0","0","0"
"MRV","0","0","0","0","0","0","0","0","0"
"MSH","0","0","0","0","0","0","0","0","0"
"MSI","0","0","0","0","0","0","0","0","0"
"MSK","0","0","0","0","0","0","0","0","0"
"MSN","0","0","0","0","4","0","0","4","-4"
"MST","0","0","0","0","2","0","0","2","-2"
"MTB","0","0","0","0","0","0","0","0","0"
"MUG","0","0","0","6","0","1","0","7","-7"
"MYB","0","0","0","3","0","0","0","3","-3"
"MYS","0","0","0","36","0","4","0","40","-40"
"NAG","0","0","0","30","0","10","0","40","-40"
"NAM","0","0","0","0","0","0","0","0","0"
"NAS","0","0","0","6","2","0","0","8","-8"
"NAW","0","0","0","0","0","2","0","2","-2"
"NBS","0","0","0","9","0","0","0","9","-9"
"NEJ","0","0","0","0","0","0","0","0","0"
"NEP","0","0","0","6","0","0","0","6","-6"
"NET","0","0","10","12","14","10","0","46","-46"
"NOR","0","0","0","18","1","1","0","20","-20"
"NPU","2","24","0","21","6","0","0","27","-3"
"NRU","0","0","0","0","0","0","0","0","0"
"NSW","0","0","0","3","2","0","0","5","-5"
"NTO","0","0","0","0","0","0","0","0","0"
"NTU","0","0","0","0","0","0","0","0","0"
"NUE","0","0","0","0","0","0","0","0","0"
"NVJ","0","0","0","0","0","0","0","0","0"
"NVS","0","0","0","0","0","0","0","0","0"
"NYM","0","0","0","0","0","0","0","0","0"
"NZP","0","0","0","0","0","0","0","0","0"
"OLD","0","0","0","0","4","0","0","4","-4"
"OMA","0","0","0","12","0","0","0","12","-12"
"ONT","0","0","0","21","2","0","0","23","-23"
"ORA","0","0","0","0","0","0","0","0","0"
"ORG","0","0","0","6","0","0","0","6","-6"
"OUA","0","0","0","0","0","0","0","0","0"
"OVB","0","0","0","0","0","0","0","0","0"
"OVM","0","0","0","0","0","0","0","0","0"
"OYO","0","0","0","0","4","0","0","4","-4"
"OZH","4","48","0","0","0","0","0","0","48"
"PAN","0","0","0","54","10","12","0","76","-76"
"PAP","7","84","0","24","12","2","0","38","46"
"PAR","0","0","0","3","2","1","0","6","-6"
"PAT","0","0","0","0","0","0","0","0","0"
"PCO","0","0","0","18","0","1","0","19","-19"
"PER","36","432","10","54","36","6","0","106","326"
"PHI","1","12","0","33","22","1","0","56","-44"
"PHL","0","0","0","0","0","0","0","0","0"
"PLP","0","0","0","0","0","2","0","2","-2"
"PLY","0","0","0","0","2","0","0","2","-2"
"PNI","6","72","0","3","4","2","0","9","63"
"PON","0","0","0","6","2","0","0","8","-8"
"POR","11","132","0","81","34","6","0","121","11"
"PPU","0","0","0","0","0","0","0","0","0"
"PRA","0","0","0","3","4","0","0","7","-7"
"PRG","0","0","0","18","2","0","0","20","-20"
"PRK","0","0","0","0","2","0","0","2","-2"
"PRU","25","300","0","144","39","47","0","230","70"
"PTA","0","0","0","0","0","6","0","6","-6"
"PUD","0","0","0","0","0","2","0","2","-2"
"PWN","0","0","0","0","0","0","0","0","0"
"QUE","0","0","0","6","4","0","0","10","-10"
"QWR","0","0","0","3","2","0","0","5","-5"
"RUS","118","1416","10","465","358","86","0","919","497"
"RWD","0","0","0","0","0","0","0","0","0"
"RYU","0","0","0","3","2","0","0","5","-5"
"SAF","0","0","0","3","6","1","0","10","-10"
"SAK","0","0","0","6","4","0","0","10","-10"
"SAR","0","0","0","42","9","8","0","59","-59"
"SAS","0","0","0","0","2","0","0","2","-2"
"SAT","0","0","0","0","0","2","0","2","-2"
"SAX","0","0","0","18","4","5","0","27","-27"
"SCH","0","0","0","0","2","1","0","3","-3"
"SCM","0","0","0","0","0","0","0","0","0"
"SCW","0","0","0","3","4","0","0","7","-7"
"SDM","0","0","0","0","2","0","0","2","-2"
"SEL","0","0","0","0","2","0","0","2","-2"
"SEQ","0","0","0","3","0","0","0","3","-3"
"SER","0","0","0","0","2","1","0","3","-3"
"SGU","0","0","0","0","2","0","0","2","-2"
"SHW","0","0","0","9","4","0","0","13","-13"
"SIA","1","12","0","18","6","0","0","24","-12"
"SIC","14","168","0","75","27","6","0","108","60"
"SIK","0","0","0","0","0","0","0","0","0"
"SIL","0","0","0","0","4","0","0","4","-4"
"SIN","4","48","0","0","2","10","0","12","36"
"SKH","0","0","0","0","0","0","0","0","0"
"SLK","0","0","0","0","0","0","0","0","0"
"SLW","0","0","0","0","0","0","0","0","0"
"SMB","0","0","0","0","0","0","0","0","0"
"SNG","0","0","0","0","0","0","0","0","0"
"SOK","0","0","0","27","14","0","0","41","-41"
"SPA","22","264","0","150","52","16","0","218","46"
"SPC","0","0","0","9","10","4","0","23","-23"
"SPU","0","0","0","21","4","0","0","25","-25"
"SRK","0","0","0","0","2","0","0","2","-2"
"SSU","0","0","0","0","0","0","0","0","0"
"STG","0","0","0","0","2","0","0","2","-2"
"SUL","0","0","0","6","0","0","0","6","-6"
"SWE","6","72","0","66","9","7","0","82","-10"
"SWI","7","84","0","6","12","0","0","18","66"
"SWZ","0","0","0","0","2","0","0","2","-2"
"TAS","0","0","0","3","0","0","0","3","-3"
"TBI","0","0","0","0","0","0","0","0","0"
"TEX","0","0","0","0","2","1","0","3","-3"
"TGI","0","0","0","0","2","0","0","2","-2"
"TGR","0","0","0","3","2","0","0","5","-5"
"THL","0","0","0","0","0","0","0","0","0"
"TIB","0","0","0","0","2","0","0","2","-2"
"TID","0","0","0","15","0","0","0","15","-15"
"TKE","0","0","0","0","0","0","0","0","0"
"TNG","0","0","0","0","0","0","0","0","0"
"TPS","0","0","0","0","0","0","0","0","0"
"TRA","0","0","0","9","0","2","0","11","-11"
"TRI","0","0","0","0","4","0","0","4","-4"
"TRK","0","0","0","0","0","0","0","0","0"
"TRN","0","0","0","0","2","0","0","2","-2"
"TRS","8","96","0","36","4","3","0","43","53"
"TRZ","0","0","0","0","0","0","0","0","0"
"TSW","0","0","0","0","0","0","0","0","0"
"TUA","0","0","0","0","0","0","0","0","0"
"TUG","0","0","0","0","0","0","0","0","0"
"TUN","4","48","0","12","4","0","0","16","32"
"TUR","32","384","0","252","64","25","0","341","43"
"TUS","0","0","0","39","24","3","0","66","-66"
"UBD","0","0","0","0","12","2","0","14","-14"
"UCA","6","72","0","9","8","0","0","17","55"
"ULT","0","0","0","0","0","0","0","0","0"
"UNT","0","0","0","0","0","0","0","0","0"
"URU","8","96","0","3","2","1","0","6","90"
"USA","86","1032","0","483","138","1","0","622","410"
"UTE","0","0","0","0","0","0","0","0","0"
"UZH","0","0","0","0","0","0","0","0","0"
"VNT","0","0","0","0","0","0","0","0","0"
"VNZ","11","132","0","15","6","2","0","23","109"
"WAD","0","0","0","0","2","0","0","2","-2"
"WAL","4","48","0","45","28","1","0","74","-26"
"WAS","0","0","0","3","0","0","0","3","-3"
"WBL","0","0","0","0","0","0","0","0","0"
"WEI","0","0","0","3","4","0","0","7","-7"
"WLD","0","0","0","0","2","0","0","2","-2"
"WLG","0","0","0","3","2","0","0","5","-5"
"WLT","0","0","0","0","2","0","0","2","-2"
"WSG","0","0","0","0","2","0","0","2","-2"
"WTU","0","0","0","0","2","0","0","2","-2"
"WUR","0","0","0","9","10","6","0","25","-25"
"XHO","0","0","0","0","0","0","0","0","0"
"YKA","0","0","0","0","0","0","0","0","0"
"YOG","0","0","0","3","2","0","0","5","-5"
"ZAI","0","0","0","3","4","0","0","7","-7"
"ZND","0","0","0","0","0","0","0","0","0"
"ZUL","0","0","0","3","0","0","0","3","-3"
