# 1836 Horse Ranch level overrides; zero removes the ranch.
# Base levels come from curated arable thresholds, additions, and holds.
# Ranking: strongest documented breeding regions and steppe/pampas retain levels;
# malaria, rainforest, humid tropical, and high mountain regions lose most.
# See HORSE_SEED_1836.md for the method and historical sources.
STATE_ABRUZZO	3
STATE_ALABAMA	5
STATE_ALENTEJO	3
STATE_ANKARA	4
STATE_ANNAM	0
STATE_ANTIOQUIA	0
STATE_APULIA	4
STATE_AQUITAINE	4
STATE_AREQUIPA	0
STATE_ARKANSAS	2
STATE_ATTICA	3
STATE_BADEN	4
STATE_BAHIA	4
STATE_BAJIO	5
STATE_BANGKOK	1
STATE_BEIRA	4
STATE_BENIN	0
STATE_BOLIVAR	3
STATE_BRITTANY	5
STATE_BULGARIA	3
STATE_BURGUNDY	4
STATE_BUSAN	4
STATE_CAJAMARCA	0
STATE_CALABRIA	3
STATE_CAUCA	0
STATE_CEARA	3
STATE_CENTRAL_CUBA	1
STATE_CHAMPAGNE	4
STATE_CHERNIHIV	4
STATE_CHIANG_MAI	3
STATE_CHIHUAHUA	3
STATE_CHONGQING	2
STATE_CHUVASHIA	3
STATE_CRIMEA	3
STATE_CROATIA	3
STATE_DIYARBAKIR	3
STATE_DURANGO	4
STATE_EAST_HAUSALAND	0
STATE_EAST_PRUSSIA	3
STATE_EAST_SWITZERLAND	3
STATE_EASTERN_CUBA	1
STATE_EASTERN_MALI	0
STATE_EASTERN_NEW_GUINEA	0
STATE_ECUADOR	0
STATE_ENTRE_DOURO_E_MINHO	4
STATE_ERZURUM	3
STATE_EXTREMADURA	3
STATE_FARS	4
STATE_FERGANA	5
STATE_FORMOSA	1
STATE_FRANCHE_COMTE	4
STATE_FUJIAN	2
STATE_GALICH	4
STATE_GALICIA	4
STATE_GANSU	5
STATE_GEORGIA	5
STATE_GOIAS	0
STATE_GOTALAND	3
STATE_GUANGXI	2
STATE_GUAVIARE	0
STATE_GUERRERO	5
STATE_GUYENNE	4
STATE_HAITI	1
STATE_HENAN	5
STATE_HERAT	4
STATE_HIGHLANDS	3
STATE_HIMALAYAS	0
STATE_HONDURAS	3
STATE_HUNAN	2
STATE_HYDERABAD	5
STATE_ILLINOIS	5
STATE_INDIANA	5
STATE_IOWA	2
STATE_IRAKAJEMI	4
STATE_IRKUTSK	2
STATE_ISFAHAN	4
STATE_JALISCO	4
STATE_JIANGSU	2
STATE_JIANGXI	2
STATE_JUTLAND	3
STATE_KACHIN	1
STATE_KANDAHAR	4
STATE_KASTAMONU	3
STATE_KENTUCKY	5
STATE_KHARKOV	5
STATE_KHORASAN	4
STATE_KHUZESTAN	4
STATE_KONYA	3
STATE_KRASNOYARSK	3
STATE_KUOPIO	3
STATE_KURSK	5
STATE_KYUSHU	2
STATE_LA_PAMPA	5
STATE_LANGUEDOC	5
STATE_LAZIO	4
STATE_LEON	3
STATE_LHASA	0
STATE_LIMA	2
STATE_LORRAINE	4
STATE_LOS_RIOS	2
STATE_LOUISIANA	5
STATE_LOWER_ANDALUSIA	4
STATE_LOWER_SILESIA	4
STATE_LURISTAN	3
STATE_MAINE_ANJOU	5
STATE_MARANHAO	0
STATE_MARRAKECH	4
STATE_MARYLAND	3
STATE_MAZANDARAN	4
STATE_MICHIGAN	2
STATE_MIDDLE_EGYPT	4
STATE_MINAS_GERAIS	5
STATE_MIRANDA	4
STATE_MISSISSIPPI	5
STATE_MISSOURI	5
STATE_MOGILEV	4
STATE_MOLDAVIA	5
STATE_MOSUL	3
STATE_NAKHON_RATCHASIMA	0
STATE_NANJING	2
STATE_NEW_JERSEY	3
STATE_NGARI	0
STATE_NIGER_DELTA	0
STATE_NIGERIA	0
STATE_NINGXIA	5
STATE_NIZHNY_NOVGOROD	4
STATE_NORMANDY	5
STATE_NORTH_CAROLINA	5
STATE_NORTH_MADAGASCAR	0
STATE_NORTH_RHINE	4
STATE_NORTHERN_ANHUI	5
STATE_NORTHERN_TRANSYLVANIA	4
STATE_NOVGOROD	4
STATE_OAXACA	5
STATE_OLD_CASTILE	4
STATE_ORLEANS	4
STATE_OUTER_MANCHURIA	2
STATE_PARA	0
STATE_PARAIBA	4
STATE_PARANA	3
STATE_PERM	4
STATE_PERNAMBUCO	4
STATE_PERSIAN_KURDISTAN	4
STATE_PIAUI	3
STATE_PICARDY	4
STATE_POITOU	4
STATE_POMERANIA	4
STATE_POSEN	4
STATE_PSKOV	4
STATE_PYONGYANG	5
STATE_RIO_GRANDE	3
STATE_RIO_GRANDE_DO_NORTE	3
STATE_ROMAGNA	3
STATE_RUTHENIA	4
STATE_SAN_SALVADOR	3
STATE_SANTA_CATARINA	3
STATE_SANTA_CRUZ	0
STATE_SANTIAGO	3
STATE_SARIWON	3
STATE_SEOUL	4
STATE_SHANXI	5
STATE_SHAOZHOU	2
STATE_SHENGJING	4
STATE_SHIKOKU	1
STATE_SICHUAN	2
STATE_SICILY	4
STATE_SINALOA	4
STATE_SINDH	4
STATE_SKOPIA	3
STATE_SLOVAKIA	5
STATE_SLOVENIA	3
STATE_SONORA	3
STATE_SOUTH_CAROLINA	5
STATE_SOUTH_MADAGASCAR	0
STATE_SOUTH_TYROL	3
STATE_SOUTHERN_MANCHURIA	5
STATE_SOUTHERN_TRANSYLVANIA	4
STATE_STYRIA	3
STATE_SUZHOU	2
STATE_SVEALAND	3
STATE_TABRIZ	5
STATE_TAMBOV	5
STATE_TENNESSEE	5
STATE_TRABZON	3
STATE_TRANS_BAIKAL	2
STATE_TUCUMAN	0
STATE_TUNISIA	4
STATE_TVER	4
STATE_TYROL	3
STATE_UFA	4
STATE_ULSTER	2
STATE_UPPER_EGYPT	3
STATE_UPPER_SILESIA	3
STATE_URAL	2
STATE_URMIA	4
STATE_UUSIMAA	3
STATE_UZBEKIA	5
STATE_VERACRUZ	5
STATE_VERMONT	3
STATE_VIRGINIA	5
STATE_VISAYAS	1
STATE_VYATKA	5
STATE_WALES	3
STATE_WALLACHIA	4
STATE_WEST_PRUSSIA	3
STATE_WEST_SWITZERLAND	4
STATE_WEST_VIRGINIA	4
STATE_WESTERN_CUBA	1
STATE_WISCONSIN	2
STATE_XIAN	5
STATE_YANGHO	5
STATE_YAROSLAVL	5
STATE_YORUBA_STATES	0
STATE_YUCATAN	4
STATE_YUNNAN	2
STATE_ZACATECAS	4
STATE_ZHEJIANG	2
STATE_ZULIA	4
