"state","public_works","haulage","farm_draft","urban_transport","other_buildings","cavalry","total"
"STATE_ABRUZZO","0","12","6","0","0","0","18"
"STATE_ABU_DHABI","0","0","0","0","0","0","0"
"STATE_ACEH","0","3","6","0","0","0","9"
"STATE_ACRE","0","0","0","0","0","0","0"
"STATE_ADANA","0","6","0","0","0","0","6"
"STATE_AGRA","0","42","0","0","0","10","52"
"STATE_AKMOLINSK","0","0","0","0","0","0","0"
"STATE_AKTOBE","0","0","0","0","0","0","0"
"STATE_AL_RIF","0","3","2","0","0","0","5"
"STATE_ALABAMA","0","39","12","0","0","0","51"
"STATE_ALAND","0","0","0","0","0","0","0"
"STATE_ALASKA","0","6","0","0","0","0","6"
"STATE_ALBANIA","0","6","0","0","0","0","6"
"STATE_ALBERTA","0","3","0","0","0","0","3"
"STATE_ALENTEJO","0","9","6","0","0","1","16"
"STATE_ALEPPO","0","3","2","0","0","0","5"
"STATE_ALGIERS","0","3","6","0","0","2","11"
"STATE_ALSACE_LORRAINE","0","30","10","0","0","0","40"
"STATE_ALTAI","0","0","0","0","0","0","0"
"STATE_ALTO_PARAGUAY","0","0","0","0","0","0","0"
"STATE_ALXA","0","0","4","0","0","2","6"
"STATE_AMAZONAS","0","0","0","0","0","0","0"
"STATE_AMHARA","0","6","10","0","0","0","16"
"STATE_AMUR","0","0","0","0","0","0","0"
"STATE_ANHALT","0","15","10","0","0","0","25"
"STATE_ANKARA","0","12","6","0","0","10","28"
"STATE_ANNAM","0","0","0","0","0","0","0"
"STATE_ANTIOQUIA","0","9","0","0","0","0","9"
"STATE_ANTOFAGASTA","0","0","0","0","0","0","0"
"STATE_APULIA","0","3","3","0","0","0","6"
"STATE_AQUITAINE","0","57","12","0","0","0","69"
"STATE_ARAGON","0","9","4","0","0","0","13"
"STATE_ARAKAN","0","3","0","0","0","0","3"
"STATE_ARAUCANIA","0","3","0","0","0","0","3"
"STATE_AREQUIPA","0","6","0","0","0","0","6"
"STATE_ARIZONA","0","0","0","0","0","0","0"
"STATE_ARKANSAS","0","3","0","0","0","0","3"
"STATE_ARKHANGELSK","0","0","0","0","0","0","0"
"STATE_ARMENIA","0","0","4","0","0","2","6"
"STATE_ASSAM","0","18","0","0","0","2","20"
"STATE_ASTRAKHAN","0","3","0","0","0","2","5"
"STATE_ASTURIAS","0","15","0","0","0","0","15"
"STATE_ATTICA","0","18","2","0","0","1","21"
"STATE_AUSTRIA","0","0","20","0","0","5","25"
"STATE_AUVERGNE_LIMOUSIN","0","12","20","0","0","0","32"
"STATE_AWADH","0","174","0","0","0","11","185"
"STATE_AYDIN","0","18","6","0","0","0","24"
"STATE_AZERBAIJAN","0","6","2","0","0","0","8"
"STATE_AZORES","0","3","0","0","0","0","3"
"STATE_BADEN","0","6","8","0","0","3","17"
"STATE_BAGHDAD","0","9","4","0","0","0","13"
"STATE_BAHAMAS","0","6","0","0","0","0","6"
"STATE_BAHIA","0","45","12","0","0","0","57"
"STATE_BAJA_CALIFORNIA","0","0","0","0","0","0","0"
"STATE_BAJIO","0","24","2","0","0","0","26"
"STATE_BAJO_PARAGUAY","0","15","2","0","0","0","17"
"STATE_BALEARIC_ISLANDS","0","0","2","0","0","0","2"
"STATE_BALKH","0","0","6","0","0","3","9"
"STATE_BALUCHISTAN","0","9","2","0","0","1","12"
"STATE_BANAT","0","0","6","0","0","0","6"
"STATE_BANGKOK","0","6","4","0","0","0","10"
"STATE_BAS_CONGO","0","0","2","0","0","0","2"
"STATE_BASQUE_COUNTRY","0","9","6","0","0","4","19"
"STATE_BASRA","0","3","2","0","0","0","5"
"STATE_BAVARIA","0","12","20","0","0","6","38"
"STATE_BEIJING","0","6","6","0","0","0","12"
"STATE_BEIRA","0","9","4","0","0","2","15"
"STATE_BEKES","0","0","4","0","0","0","4"
"STATE_BENIN","0","0","4","0","0","0","4"
"STATE_BERMUDA","0","0","0","0","0","0","0"
"STATE_BESSARABIA","0","3","0","0","0","0","3"
"STATE_BIHAR","0","105","0","0","0","4","109"
"STATE_BLUE_NILE","0","21","4","0","0","10","35"
"STATE_BOHEMIA","0","36","12","0","0","8","56"
"STATE_BOLIVAR","0","0","2","0","0","0","2"
"STATE_BOMBAY","10","24","4","0","0","8","46"
"STATE_BORNU","0","0","4","0","0","0","4"
"STATE_BOSNIA","0","18","0","0","0","5","23"
"STATE_BOTSWANA","0","0","0","0","0","0","0"
"STATE_BOUGAINVILLE","0","0","0","0","0","0","0"
"STATE_BRANDENBURG","0","0","0","0","0","17","17"
"STATE_BREST","0","39","10","0","0","0","49"
"STATE_BRITISH_COLUMBIA","0","3","0","0","0","0","3"
"STATE_BRITTANY","0","15","4","0","0","0","19"
"STATE_BRUNSWICK","0","3","0","0","0","0","3"
"STATE_BUENOS_AIRES","0","0","0","0","0","1","1"
"STATE_BUKOVINA","0","6","2","0","0","0","8"
"STATE_BULGARIA","0","18","8","0","0","0","26"
"STATE_BUNDELKHAND","0","6","0","0","0","6","12"
"STATE_BURGUNDY","0","30","16","0","0","0","46"
"STATE_BURYATIA","0","0","0","0","0","0","0"
"STATE_BUSAN","0","6","2","0","0","0","8"
"STATE_CAJAMARCA","0","3","0","0","0","0","3"
"STATE_CALABRIA","0","12","3","0","0","0","15"
"STATE_CALIFORNIA","0","0","0","0","0","0","0"
"STATE_CAMBODIA","0","6","2","0","0","0","8"
"STATE_CAMPANIA","0","18","10","0","0","4","32"
"STATE_CANARY_ISLANDS","0","3","0","0","0","0","3"
"STATE_CAPE_COLONY","0","3","4","0","0","1","8"
"STATE_CAPE_VERDE","0","6","0","0","0","0","6"
"STATE_CATALONIA","0","24","4","0","0","2","30"
"STATE_CAUCA","0","12","4","0","0","2","18"
"STATE_CEARA","0","9","4","0","0","0","13"
"STATE_CELEBES","0","3","0","0","0","0","3"
"STATE_CENTRAL_CUBA","0","15","2","0","0","0","17"
"STATE_CENTRAL_HUNGARY","0","18","6","0","0","3","27"
"STATE_CENTRAL_JAVA","0","33","14","0","0","0","47"
"STATE_CENTRAL_PROVINCES","0","60","0","0","0","10","70"
"STATE_CEYLON","0","27","0","0","0","0","27"
"STATE_CHACO","0","0","0","0","0","0","0"
"STATE_CHAD","0","0","0","0","0","0","0"
"STATE_CHAMPAGNE","0","21","6","0","0","20","47"
"STATE_CHELYABINSK","0","6","0","0","0","0","6"
"STATE_CHERNIHIV","0","0","40","0","0","0","40"
"STATE_CHERSON","0","3","20","0","0","16","39"
"STATE_CHIANG_MAI","0","3","0","0","0","0","3"
"STATE_CHIAPAS","0","6","0","0","0","0","6"
"STATE_CHIHUAHUA","0","0","0","0","0","0","0"
"STATE_CHONGQING","0","60","0","0","0","0","60"
"STATE_CHUGOKU","0","9","2","0","0","0","11"
"STATE_CHUKOTKA","0","0","0","0","0","0","0"
"STATE_CHUVASHIA","0","0","0","0","0","0","0"
"STATE_CIRCARS","0","39","0","0","0","2","41"
"STATE_COLORADO","0","0","0","0","0","0","0"
"STATE_CONGO","0","0","0","0","0","0","0"
"STATE_CONGO_ORIENTALE","0","0","0","0","0","0","0"
"STATE_CONNAUGHT","0","0","2","0","0","3","5"
"STATE_CONNECTICUT","0","6","0","0","0","0","6"
"STATE_CONSTANTINE","0","3","8","0","0","0","11"
"STATE_CORRIENTES","0","9","1","0","0","0","10"
"STATE_CORSICA","0","3","0","0","0","0","3"
"STATE_COSTA_RICA","0","3","0","0","0","0","3"
"STATE_COURLAND","0","0","4","0","0","2","6"
"STATE_CRETE","0","3","0","0","0","0","3"
"STATE_CRIMEA","0","12","0","0","0","0","12"
"STATE_CROATIA","0","9","4","0","0","0","13"
"STATE_CUNDINAMARCA","0","15","4","0","0","0","19"
"STATE_CYPRUS","0","0","2","0","0","0","2"
"STATE_DAGESTAN","0","9","2","0","0","3","14"
"STATE_DAHOMEY","0","0","4","0","0","0","4"
"STATE_DALMATIA","0","3","2","0","0","0","5"
"STATE_DARFUR","0","0","0","0","0","0","0"
"STATE_DEIR_EZ_ZOR","0","0","0","0","0","0","0"
"STATE_DELAWARE","0","0","0","0","0","0","0"
"STATE_DELHI","0","9","0","0","0","7","16"
"STATE_DELVIDEK","0","0","2","0","0","0","2"
"STATE_DISTRICT_OF_COLUMBIA","0","0","0","0","0","0","0"
"STATE_DIYARBAKIR","0","12","0","0","0","0","12"
"STATE_DOBRUDJA","0","3","4","0","0","0","7"
"STATE_DONGOLA","0","0","4","0","0","0","4"
"STATE_DURANGO","0","0","0","0","0","0","0"
"STATE_DZUNGARIA","0","0","0","0","0","0","0"
"STATE_EAST_AEGEAN_ISLANDS","0","0","0","0","0","0","0"
"STATE_EAST_ANGLIA","10","6","7","0","0","0","23"
"STATE_EAST_ANGOLA","0","0","0","0","0","0","0"
"STATE_EAST_BENGAL","0","36","0","0","0","0","36"
"STATE_EAST_BORNEO","0","12","2","0","0","0","14"
"STATE_EAST_GALICIA","0","0","4","0","0","7","11"
"STATE_EAST_HAUSALAND","0","15","4","0","0","0","19"
"STATE_EAST_JAVA","0","45","16","0","0","0","61"
"STATE_EAST_KARELIA","0","6","0","0","0","0","6"
"STATE_EAST_MICRONESIA","0","0","0","0","0","0","0"
"STATE_EAST_PRUSSIA","0","15","2","0","0","2","19"
"STATE_EAST_SAHARA","0","0","0","0","0","0","0"
"STATE_EAST_SWITZERLAND","0","3","6","0","0","0","9"
"STATE_EASTERN_CAPE","0","0","2","0","0","0","2"
"STATE_EASTERN_CUBA","0","15","2","0","0","0","17"
"STATE_EASTERN_HIMALAYAS","0","0","0","0","0","0","0"
"STATE_EASTERN_HUBEI","0","48","8","0","0","0","56"
"STATE_EASTERN_MALI","0","0","4","0","0","0","4"
"STATE_EASTERN_NEW_GUINEA","0","0","0","0","0","0","0"
"STATE_EASTERN_NORWAY","0","15","1","0","0","1","17"
"STATE_EASTERN_SERBIA","0","0","2","0","0","0","2"
"STATE_EASTERN_THRACE","0","12","6","0","0","0","18"
"STATE_ECUADOR","0","9","4","0","0","1","14"
"STATE_EGYPTIAN_DESERT","0","0","0","0","0","0","0"
"STATE_ELBE","0","9","4","0","0","4","17"
"STATE_ELIZAVETPOL","0","0","0","0","0","0","0"
"STATE_EMILIA","0","9","10","0","0","2","21"
"STATE_ENTRE_DOURO_E_MINHO","0","12","2","0","0","0","14"
"STATE_EQUATEUR","0","0","0","0","0","0","0"
"STATE_EQUATORIA","0","0","0","0","0","0","0"
"STATE_ERITREA","0","0","0","0","0","0","0"
"STATE_ERZURUM","0","9","0","0","0","0","9"
"STATE_ESTREMADURA","0","9","4","0","0","3","16"
"STATE_EXTREMADURA","0","6","2","0","0","4","12"
"STATE_FARS","0","6","8","0","0","0","14"
"STATE_FERGANA","0","0","0","0","0","0","0"
"STATE_FEZ","0","0","0","0","0","0","0"
"STATE_FIJI","0","0","0","0","0","0","0"
"STATE_FLANDERS","20","12","6","0","0","2","40"
"STATE_FLORIDA","0","0","0","0","0","0","0"
"STATE_FORMOSA","0","24","0","0","0","5","29"
"STATE_FRANCHE_COMTE","0","9","2","0","0","0","11"
"STATE_FRANCONIA","20","12","16","0","0","6","54"
"STATE_FRENCH_LOW_COUNTRIES","0","33","10","0","0","0","43"
"STATE_FRIESLAND","0","3","0","0","0","2","5"
"STATE_FUJIAN","0","69","10","0","0","0","79"
"STATE_GABON","0","0","0","0","0","0","0"
"STATE_GALICH","0","6","6","0","0","0","12"
"STATE_GALICIA","0","12","2","0","0","0","14"
"STATE_GANSU","0","0","0","0","0","5","5"
"STATE_GELRE","0","3","8","0","0","2","13"
"STATE_GEORGIA","0","36","10","0","0","1","47"
"STATE_GOIAS","0","3","2","0","0","0","5"
"STATE_GOLD_COAST","0","0","0","0","0","0","0"
"STATE_GONDER","0","12","8","0","0","0","20"
"STATE_GOTALAND","0","24","3","0","0","1","28"
"STATE_GOTLAND","0","0","0","0","0","0","0"
"STATE_GREATER_CAUCASUS","0","0","0","0","0","0","0"
"STATE_GREATER_POLAND","0","0","6","0","0","0","6"
"STATE_GREENLAND","0","0","0","0","0","0","0"
"STATE_GUANGDONG","30","153","18","0","0","0","201"
"STATE_GUANGXI","0","126","14","0","0","0","140"
"STATE_GUATEMALA","0","0","4","0","0","0","4"
"STATE_GUAVIARE","0","3","2","0","0","0","5"
"STATE_GUAYANA","0","15","0","0","0","0","15"
"STATE_GUERRERO","0","6","2","0","0","0","8"
"STATE_GUINEA","0","0","4","0","0","0","4"
"STATE_GUIZHOU","0","69","0","0","0","10","79"
"STATE_GUJARAT","0","18","0","0","0","24","42"
"STATE_GUYENNE","0","3","10","0","0","30","43"
"STATE_HAIL","0","0","0","0","0","0","0"
"STATE_HAITI","0","6","2","0","0","2","10"
"STATE_HANNOVER","0","6","8","0","0","6","20"
"STATE_HAUSALAND","0","6","6","0","0","0","12"
"STATE_HAWAIIAN_ISLANDS","0","9","2","0","0","0","11"
"STATE_HEDJAZ","0","0","0","0","0","0","0"
"STATE_HENAN","0","36","0","0","0","0","36"
"STATE_HERAT","0","3","2","0","0","1","6"
"STATE_HEREROLAND","0","0","0","0","0","0","0"
"STATE_HESSE","0","12","12","0","0","3","27"
"STATE_HIGHLANDS","0","9","0","0","0","0","9"
"STATE_HILL_PUNJAB","0","9","0","0","0","0","9"
"STATE_HIMALAYAS","0","6","0","0","0","0","6"
"STATE_HINGGAN","0","0","0","0","0","8","8"
"STATE_HOKKAIDO","0","0","0","0","0","0","0"
"STATE_HOKUSHINETSU","0","15","8","0","0","0","23"
"STATE_HOLLAND","10","0","6","0","0","6","22"
"STATE_HOME_COUNTIES","30","0","15","0","0","2","47"
"STATE_HONDURAS","0","0","2","0","0","0","2"
"STATE_HUDAVENDIGAR","0","21","4","0","0","0","25"
"STATE_HUNAN","0","48","12","0","0","10","70"
"STATE_HYDERABAD","0","21","0","0","0","7","28"
"STATE_ICA","0","15","6","0","0","0","21"
"STATE_ICELAND","0","0","0","0","0","0","0"
"STATE_IDAHO","0","0","0","0","0","0","0"
"STATE_ILE_DE_FRANCE","20","3","10","0","0","20","53"
"STATE_ILLINOIS","0","6","4","0","0","0","10"
"STATE_INDIAN_OCEAN_TERRITORY","0","15","0","0","0","0","15"
"STATE_INDIANA","0","6","16","0","0","0","22"
"STATE_INGRIA","10","0","6","0","0","4","20"
"STATE_INNER_MAURITANIA","0","0","0","0","0","0","0"
"STATE_INNER_MOROCCO","0","6","0","0","0","0","6"
"STATE_IONIAN_ISLANDS","0","0","2","0","0","0","2"
"STATE_IOWA","0","0","0","0","0","0","0"
"STATE_IRAKAJEMI","0","0","6","0","0","0","6"
"STATE_IRKUTSK","0","0","0","0","0","0","0"
"STATE_ISFAHAN","0","0","2","0","0","3","5"
"STATE_ISTRIA","10","0","0","0","0","0","10"
"STATE_IVORY_COAST","0","0","0","0","0","0","0"
"STATE_JALISCO","0","9","2","0","0","0","11"
"STATE_JAMAICA","0","27","0","0","0","0","27"
"STATE_JETISY","0","3","2","0","0","0","5"
"STATE_JIANGSU","0","45","16","0","0","0","61"
"STATE_JIANGXI","0","81","10","0","0","0","91"
"STATE_JUJUY","0","3","0","0","0","0","3"
"STATE_JUTLAND","0","0","16","0","0","2","18"
"STATE_KABUL","0","12","0","0","0","2","14"
"STATE_KACHIN","0","0","2","0","0","2","4"
"STATE_KALMYKIA","0","0","0","0","0","0","0"
"STATE_KAMCHATKA","0","0","0","0","0","0","0"
"STATE_KANAK","0","0","0","0","0","0","0"
"STATE_KANDAHAR","0","3","2","0","0","2","7"
"STATE_KANSAI","0","18","4","0","0","0","22"
"STATE_KANSAS","0","0","0","0","0","0","0"
"STATE_KANTO","0","27","6","0","0","0","33"
"STATE_KARS","0","3","2","0","0","0","5"
"STATE_KASAI","0","0","0","0","0","0","0"
"STATE_KASHMIR","0","9","0","0","0","6","15"
"STATE_KASTAMONU","0","15","0","0","0","0","15"
"STATE_KATANGA","0","0","0","0","0","0","0"
"STATE_KAUNAS","0","0","4","0","0","4","8"
"STATE_KAZAN","0","15","4","0","0","0","19"
"STATE_KAZEMBE","0","0","0","0","0","0","0"
"STATE_KENTUCKY","0","30","8","0","0","0","38"
"STATE_KENYA","0","0","2","0","0","0","2"
"STATE_KERMAN","0","6","4","0","0","0","10"
"STATE_KHARKOV","0","0","40","0","0","10","50"
"STATE_KHIVA","0","3","8","0","0","0","11"
"STATE_KHORASAN","0","6","2","0","0","0","8"
"STATE_KHUZESTAN","0","3","2","0","0","1","6"
"STATE_KIEV","0","0","68","0","0","6","74"
"STATE_KIRGHIZIA","0","3","4","0","0","0","7"
"STATE_KOLA","0","0","0","0","0","0","0"
"STATE_KOLYMA","0","0","0","0","0","0","0"
"STATE_KONYA","0","21","0","0","0","5","26"
"STATE_KORDOFAN","0","0","0","0","0","0","0"
"STATE_KRASNOYARSK","0","0","0","0","0","0","0"
"STATE_KUBAN","0","9","6","0","0","5","20"
"STATE_KUOPIO","0","9","0","0","0","0","9"
"STATE_KURNOOL","0","3","0","0","0","2","5"
"STATE_KURSK","0","30","16","0","0","13","59"
"STATE_KYOTO","0","12","2","0","0","0","14"
"STATE_KYUSHU","0","12","8","0","0","0","20"
"STATE_LA_PAMPA","0","0","2","0","0","0","2"
"STATE_LA_PAZ","0","18","2","0","0","0","20"
"STATE_LANCASHIRE","50","81","10","0","0","4","145"
"STATE_LANGUEDOC","0","66","14","0","0","0","80"
"STATE_LAOS","0","9","0","0","0","0","9"
"STATE_LARISTAN","0","0","2","0","0","0","2"
"STATE_LAZIO","0","9","2","0","0","1","12"
"STATE_LEBANON","0","3","2","0","0","0","5"
"STATE_LEINSTER","0","3","5","0","0","3","11"
"STATE_LEON","0","6","4","0","0","0","10"
"STATE_LESSER_POLAND","0","0","0","0","0","0","0"
"STATE_LHASA","0","0","2","0","0","0","2"
"STATE_LIBERIA","0","3","2","0","0","0","5"
"STATE_LIBYA","0","0","4","0","0","0","4"
"STATE_LIBYAN_DESERT","0","0","0","0","0","0","0"
"STATE_LIMA","0","18","6","0","0","0","24"
"STATE_LINDI","0","0","0","0","0","0","0"
"STATE_LOMBARDY","0","9","6","0","0","1","16"
"STATE_LORRAINE","0","39","2","0","0","0","41"
"STATE_LOS_RIOS","0","9","0","0","0","0","9"
"STATE_LOUISIANA","0","12","0","0","0","0","12"
"STATE_LOURENCO_MARQUES","0","0","2","0","0","0","2"
"STATE_LOWER_ANDALUSIA","0","9","6","0","0","2","17"
"STATE_LOWER_EGYPT","0","60","14","0","0","0","74"
"STATE_LOWER_SILESIA","0","9","4","0","0","5","18"
"STATE_LOWLANDS","20","12","5","0","0","2","39"
"STATE_LURISTAN","0","3","4","0","0","3","10"
"STATE_LUZON","0","21","20","0","0","1","42"
"STATE_MACEDONIA","0","3","2","0","0","0","5"
"STATE_MADEIRA","0","9","0","0","0","0","9"
"STATE_MADRAS","0","78","0","0","0","12","90"
"STATE_MAINE","0","9","0","0","0","0","9"
"STATE_MAINE_ANJOU","0","9","6","0","0","0","15"
"STATE_MALAYA","0","18","6","0","0","0","24"
"STATE_MALTA","0","0","0","0","0","0","0"
"STATE_MALWA","0","51","0","0","0","26","77"
"STATE_MANDALAY","0","3","4","0","0","1","8"
"STATE_MANITOBA","0","6","0","0","0","0","6"
"STATE_MARANHAO","0","6","2","0","0","0","8"
"STATE_MARRAKECH","0","0","0","0","0","0","0"
"STATE_MARYLAND","0","12","0","0","0","0","12"
"STATE_MASSACHUSETTS","0","6","4","0","0","0","10"
"STATE_MATO_GROSSO","0","9","2","0","0","0","11"
"STATE_MATRUH","0","0","0","0","0","0","0"
"STATE_MAURITANIA","0","0","0","0","0","0","0"
"STATE_MAZANDARAN","10","15","4","0","0","0","29"
"STATE_MAZOVIA","0","9","4","0","0","0","13"
"STATE_MECKLENBURG","0","0","6","0","0","2","8"
"STATE_MEKONG","0","0","2","0","0","0","2"
"STATE_MERZ","0","0","0","0","0","0","0"
"STATE_MEXICO","0","18","2","0","0","0","20"
"STATE_MICHIGAN","0","15","0","0","0","0","15"
"STATE_MIDDLE_EGYPT","0","18","6","0","0","0","24"
"STATE_MIDLANDS","20","36","10","0","0","4","70"
"STATE_MINAS_GERAIS","0","45","8","0","0","0","53"
"STATE_MINDANAO","0","3","4","0","0","0","7"
"STATE_MINNESOTA","0","0","0","0","0","0","0"
"STATE_MINSK","0","15","4","0","0","2","21"
"STATE_MIRANDA","0","3","4","0","0","0","7"
"STATE_MISSISSIPPI","0","18","8","0","0","0","26"
"STATE_MISSOURI","0","3","4","0","0","0","7"
"STATE_MOCAMBIQUE","0","0","4","0","0","0","4"
"STATE_MOGILEV","0","24","4","0","0","0","28"
"STATE_MOLDAVIA","0","9","2","0","0","1","12"
"STATE_MOLUCCAS","0","21","0","0","0","0","21"
"STATE_MONTANA","0","0","0","0","0","0","0"
"STATE_MONTENEGRO","0","0","0","0","0","0","0"
"STATE_MORAVIA","0","18","6","0","0","3","27"
"STATE_MOSCOW","0","33","0","0","0","8","41"
"STATE_MOSUL","0","0","2","0","0","0","2"
"STATE_MUNSTER","0","0","3","0","0","3","6"
"STATE_MURCIA","0","9","2","0","0","0","11"
"STATE_MYSORE","0","45","0","0","0","4","49"
"STATE_NAKHON_RATCHASIMA","0","3","2","0","0","0","5"
"STATE_NAMAQUALAND","0","0","0","0","0","0","0"
"STATE_NANJING","0","30","10","0","0","0","40"
"STATE_NAURU","0","0","0","0","0","0","0"
"STATE_NEBRASKA","0","0","0","0","0","0","0"
"STATE_NEJD","0","0","0","0","0","0","0"
"STATE_NENETSIA","0","0","0","0","0","0","0"
"STATE_NEVADA","0","0","0","0","0","0","0"
"STATE_NEW_BRUNSWICK","0","9","0","0","0","0","9"
"STATE_NEW_CASTILE","0","12","4","0","0","3","19"
"STATE_NEW_HAMPSHIRE","0","3","0","0","0","0","3"
"STATE_NEW_JERSEY","0","6","2","0","0","0","8"
"STATE_NEW_MEXICO","0","0","0","0","0","0","0"
"STATE_NEW_SOUTH_WALES","0","0","2","0","0","0","2"
"STATE_NEW_YORK","0","18","6","0","0","0","24"
"STATE_NEWFOUNDLAND","0","0","0","0","0","0","0"
"STATE_NGARI","0","0","0","0","0","0","0"
"STATE_NICARAGUA","0","6","0","0","0","0","6"
"STATE_NIGER","0","0","0","0","0","0","0"
"STATE_NIGER_DELTA","0","0","0","0","0","0","0"
"STATE_NIGERIA","0","6","4","0","0","0","10"
"STATE_NINGXIA","0","9","0","0","0","5","14"
"STATE_NIZHNY_NOVGOROD","0","9","0","0","0","0","9"
"STATE_NORMANDY","0","3","8","0","0","0","11"
"STATE_NORRLAND","0","9","0","0","0","0","9"
"STATE_NORTH_ANGOLA","0","6","2","0","0","0","8"
"STATE_NORTH_BORNEO","0","3","0","0","0","0","3"
"STATE_NORTH_CAMEROON","0","0","2","0","0","0","2"
"STATE_NORTH_CAROLINA","0","39","10","0","0","0","49"
"STATE_NORTH_CAUCASUS","0","3","4","0","0","4","11"
"STATE_NORTH_DAKOTA","0","0","0","0","0","0","0"
"STATE_NORTH_ISLAND","0","0","0","0","0","0","0"
"STATE_NORTH_MADAGASCAR","0","6","0","0","0","0","6"
"STATE_NORTH_RHINE","0","24","10","0","0","0","34"
"STATE_NORTH_SUMATRA","0","9","4","0","0","0","13"
"STATE_NORTHERN_ANHUI","0","45","12","0","0","0","57"
"STATE_NORTHERN_CAPE","0","0","0","0","0","0","0"
"STATE_NORTHERN_MANCHURIA","0","24","0","0","0","0","24"
"STATE_NORTHERN_NORWAY","0","0","0","0","0","0","0"
"STATE_NORTHERN_TERRITORY","0","0","0","0","0","0","0"
"STATE_NORTHERN_THRACE","0","21","4","0","0","0","25"
"STATE_NORTHERN_TRANSYLVANIA","0","9","2","0","0","2","13"
"STATE_NORTHWEST_TERRITORIES","0","0","0","0","0","0","0"
"STATE_NOVGOROD","0","15","0","0","0","8","23"
"STATE_NUNAVUT","0","0","0","0","0","0","0"
"STATE_OAXACA","0","0","2","0","0","1","3"
"STATE_OB","0","0","0","0","0","0","0"
"STATE_OHIO","0","9","8","0","0","0","17"
"STATE_OKHOTSK","0","0","0","0","0","0","0"
"STATE_OKLAHOMA","0","3","0","0","0","0","3"
"STATE_OLD_CASTILE","0","12","14","0","0","3","29"
"STATE_OMAN","0","0","0","0","0","0","0"
"STATE_ONTARIO","0","24","2","0","0","0","26"
"STATE_ORAN","0","0","8","0","0","0","8"
"STATE_OREGON","0","3","0","0","0","0","3"
"STATE_ORISSA","0","18","0","0","0","0","18"
"STATE_ORLEANS","0","9","10","0","0","0","19"
"STATE_OROMIA","0","9","10","0","0","0","19"
"STATE_ORYOL","0","30","16","0","0","4","50"
"STATE_OSTROBOTHNIA","0","3","2","0","0","0","5"
"STATE_OULU","0","3","0","0","0","0","3"
"STATE_OUTER_HAUSALAND","0","0","2","0","0","0","2"
"STATE_OUTER_MANCHURIA","0","0","0","0","0","0","0"
"STATE_PALESTINE","0","0","0","0","0","3","3"
"STATE_PANAMA","0","6","0","0","0","0","6"
"STATE_PARA","0","3","4","0","0","0","7"
"STATE_PARAIBA","0","3","2","0","0","1","6"
"STATE_PARANA","0","6","4","0","0","0","10"
"STATE_PASHTUNISTAN","0","9","28","0","0","0","37"
"STATE_PASTAZA","0","0","0","0","0","0","0"
"STATE_PATAGONIA","0","0","0","0","0","0","0"
"STATE_PEGU","0","6","2","0","0","0","8"
"STATE_PELOPONNESE","0","3","2","0","0","0","5"
"STATE_PENNSYLVANIA","0","33","6","0","0","0","39"
"STATE_PERM","0","12","0","0","0","0","12"
"STATE_PERNAMBUCO","0","27","8","0","0","2","37"
"STATE_PERSIAN_KURDISTAN","0","0","0","0","0","0","0"
"STATE_PIAUI","0","3","2","0","0","0","5"
"STATE_PICARDY","0","0","10","0","0","0","10"
"STATE_PIEDMONT","0","9","5","0","0","5","19"
"STATE_POITOU","0","6","4","0","0","0","10"
"STATE_POMERANIA","0","6","1","0","0","5","12"
"STATE_POSEN","0","0","2","0","0","5","7"
"STATE_POTOSI","0","18","0","0","0","0","18"
"STATE_PROVENCE","0","39","14","0","0","1","54"
"STATE_PSKOV","0","6","10","0","0","0","16"
"STATE_PUERTO_RICO","0","18","0","0","0","1","19"
"STATE_PUNJAB","0","42","4","0","0","14","60"
"STATE_PYONGYANG","0","3","4","0","0","0","7"
"STATE_QINGHAI","0","0","0","0","0","0","0"
"STATE_QUEBEC","0","9","4","0","0","0","13"
"STATE_QUEENSLAND","0","0","0","0","0","0","0"
"STATE_RAJPUTANA","0","18","0","0","0","38","56"
"STATE_RHINELAND","0","9","6","0","0","2","17"
"STATE_RHODE_ISLAND","0","0","0","0","0","0","0"
"STATE_RHONE","20","75","18","0","0","0","113"
"STATE_RIFT_VALLEY","0","0","0","0","0","0","0"
"STATE_RIGA","0","0","6","0","0","2","8"
"STATE_RIO_DE_JANEIRO","10","21","12","0","0","0","43"
"STATE_RIO_GRANDE","0","3","2","0","0","0","5"
"STATE_RIO_GRANDE_DO_NORTE","0","3","2","0","0","0","5"
"STATE_RIO_GRANDE_DO_SUL","0","3","4","0","0","2","9"
"STATE_RIO_NEGRO","0","0","0","0","0","0","0"
"STATE_ROMAGNA","0","6","10","0","0","1","17"
"STATE_ROSTOV","0","9","0","0","0","0","9"
"STATE_RUHR","0","18","3","0","0","9","30"
"STATE_RUTHENIA","0","9","2","0","0","0","11"
"STATE_RYAZAN","0","6","0","0","0","0","6"
"STATE_RYUKYU_ISLANDS","0","6","2","0","0","0","8"
"STATE_SAHARA","0","0","0","0","0","0","0"
"STATE_SAKHALIN","0","0","0","0","0","0","0"
"STATE_SAMARA","0","3","8","0","0","0","11"
"STATE_SAN_SALVADOR","0","0","2","0","0","0","2"
"STATE_SANTA_CATARINA","0","3","2","0","0","0","5"
"STATE_SANTA_CRUZ","0","0","2","0","0","0","2"
"STATE_SANTA_FE","0","6","0","0","0","0","6"
"STATE_SANTIAGO","0","15","2","0","0","2","19"
"STATE_SANTO_DOMINGO","0","6","2","0","0","0","8"
"STATE_SAO_PAULO","0","21","8","0","0","0","29"
"STATE_SARDINIA","0","27","0","0","0","1","28"
"STATE_SARIWON","0","6","2","0","0","0","8"
"STATE_SASKATCHEWAN","0","0","0","0","0","0","0"
"STATE_SAVOY","0","6","2","0","0","1","9"
"STATE_SAXONY","0","24","16","0","0","5","45"
"STATE_SCANIA","0","0","4","0","0","2","6"
"STATE_SCHLESWIG_HOLSTEIN","0","6","4","0","0","3","13"
"STATE_SEMIRECHE","0","0","0","0","0","0","0"
"STATE_SEMNAN","0","0","0","0","0","0","0"
"STATE_SENEGAL","0","0","2","0","0","0","2"
"STATE_SEOUL","0","9","6","0","0","0","15"
"STATE_SHAN_STATES","0","3","0","0","0","0","3"
"STATE_SHANDONG","0","9","6","0","0","0","15"
"STATE_SHANXI","0","0","14","0","0","10","24"
"STATE_SHAOZHOU","0","66","16","0","0","0","82"
"STATE_SHENGJING","0","0","0","0","0","0","0"
"STATE_SHIKOKU","0","18","0","0","0","0","18"
"STATE_SICHUAN","0","48","0","0","0","0","48"
"STATE_SICILY","0","30","5","0","0","2","37"
"STATE_SIERRA_LEONE","0","0","4","0","0","0","4"
"STATE_SINAI","0","0","0","0","0","0","0"
"STATE_SINALOA","0","0","0","0","0","0","0"
"STATE_SINDH","0","0","2","0","0","10","12"
"STATE_SISTAN","0","3","0","0","0","1","4"
"STATE_SKOPIA","0","18","2","0","0","5","25"
"STATE_SLAVONIA","0","0","2","0","0","0","2"
"STATE_SLOVAKIA","0","6","4","0","0","3","13"
"STATE_SLOVENIA","0","6","6","0","0","0","12"
"STATE_SMOLENSK","0","24","6","0","0","0","30"
"STATE_SOLOMON_ISLANDS","0","0","0","0","0","0","0"
"STATE_SOMALILAND","0","0","6","0","0","0","6"
"STATE_SONORA","0","0","0","0","0","0","0"
"STATE_SOUTH_ANGOLA","0","3","2","0","0","0","5"
"STATE_SOUTH_ATLANTIC_ISLANDS","0","0","0","0","0","0","0"
"STATE_SOUTH_AUSTRALIA","0","0","4","0","0","0","4"
"STATE_SOUTH_CAMEROON","0","3","0","0","0","0","3"
"STATE_SOUTH_CAROLINA","0","51","10","0","0","0","61"
"STATE_SOUTH_DAKOTA","0","0","0","0","0","0","0"
"STATE_SOUTH_ISLAND","0","0","0","0","0","0","0"
"STATE_SOUTH_MADAGASCAR","0","6","2","0","0","0","8"
"STATE_SOUTH_SUMATRA","0","6","0","0","0","0","6"
"STATE_SOUTH_TYROL","0","3","2","0","0","0","5"
"STATE_SOUTHERN_ANHUI","0","30","24","0","0","0","54"
"STATE_SOUTHERN_MANCHURIA","0","39","0","0","0","0","39"
"STATE_SOUTHERN_TRANSYLVANIA","0","27","2","0","0","1","30"
"STATE_STAVROPOL","0","0","0","0","0","0","0"
"STATE_STYRIA","0","12","2","0","0","1","15"
"STATE_SUNDA_ISLANDS","0","18","2","0","0","0","20"
"STATE_SURGUT","0","0","0","0","0","0","0"
"STATE_SUZHOU","0","36","0","0","0","0","36"
"STATE_SVEALAND","0","33","2","0","0","4","39"
"STATE_SYRDARYA","0","0","0","0","0","0","0"
"STATE_SYRIA","0","6","4","0","0","0","10"
"STATE_TABRIZ","0","18","2","0","0","0","20"
"STATE_TAHITI","0","0","2","0","0","0","2"
"STATE_TAJIKISTAN","0","3","0","0","0","0","3"
"STATE_TALINN","0","0","2","0","0","0","2"
"STATE_TAMBOV","0","6","8","0","0","0","14"
"STATE_TANGANYIKA","0","0","0","0","0","0","0"
"STATE_TARAPACA","0","0","0","0","0","0","0"
"STATE_TARTARIA","0","24","10","0","0","0","34"
"STATE_TARTU","0","0","0","0","0","0","0"
"STATE_TASMANIA","0","3","0","0","0","0","3"
"STATE_TAURIDA","0","0","40","0","0","0","40"
"STATE_TENASSERIM","0","6","0","0","0","0","6"
"STATE_TENNESSEE","0","69","20","0","0","0","89"
"STATE_TEXAS","0","0","2","0","0","1","3"
"STATE_THESSALIA","0","6","4","0","0","0","10"
"STATE_TIANSHAN","0","0","0","0","0","0","0"
"STATE_TIMBUKTU","0","0","0","0","0","0","0"
"STATE_TOBOLSK","0","0","0","0","0","0","0"
"STATE_TOGO","0","0","0","0","0","0","0"
"STATE_TOHOKU","0","12","6","0","0","0","18"
"STATE_TOKAI","0","39","4","0","0","0","43"
"STATE_TOMSK","0","0","0","0","0","0","0"
"STATE_TONGA","0","0","0","0","0","0","0"
"STATE_TONKIN","0","12","2","0","0","0","14"
"STATE_TRABZON","0","15","0","0","0","0","15"
"STATE_TRANS_BAIKAL","0","3","0","0","0","0","3"
"STATE_TRANSDANUBIA","0","9","2","0","0","3","14"
"STATE_TRANSJORDAN","0","0","0","0","0","0","0"
"STATE_TRANSVAAL","0","0","4","0","0","0","4"
"STATE_TRAVANCORE","0","12","0","0","0","8","20"
"STATE_TRIPOLI","0","0","2","0","0","0","2"
"STATE_TUCUMAN","0","3","0","0","0","0","3"
"STATE_TUNISIA","0","12","4","0","0","0","16"
"STATE_TURKMENIA","0","0","0","0","0","0","0"
"STATE_TUSCANY","0","39","24","0","0","3","66"
"STATE_TUVA","0","0","0","0","0","0","0"
"STATE_TVER","0","30","0","0","0","0","30"
"STATE_TYROL","0","9","0","0","0","0","9"
"STATE_UBANGI_SHARI","0","0","0","0","0","0","0"
"STATE_UFA","0","3","0","0","0","0","3"
"STATE_UGANDA","0","3","4","0","0","0","7"
"STATE_ULIASTAI","0","0","0","0","0","0","0"
"STATE_ULSTER","0","6","3","0","0","0","9"
"STATE_UMBRIA","0","9","0","0","0","0","9"
"STATE_UPPER_ANDALUSIA","0","9","4","0","0","0","13"
"STATE_UPPER_EGYPT","0","0","4","0","0","0","4"
"STATE_UPPER_SILESIA","0","36","2","0","0","0","38"
"STATE_UPPER_YENISEYSK","0","0","0","0","0","0","0"
"STATE_URAL","0","12","0","0","0","0","12"
"STATE_URALSK","0","0","0","0","0","0","0"
"STATE_URGA","0","0","6","0","0","0","6"
"STATE_URMIA","0","0","2","0","0","0","2"
"STATE_URUGUAY","0","3","2","0","0","1","6"
"STATE_UTAH","0","0","0","0","0","0","0"
"STATE_UUSIMAA","0","6","2","0","0","0","8"
"STATE_UZBEKIA","0","6","2","0","0","0","8"
"STATE_VALENCIA","0","24","6","0","0","2","32"
"STATE_VANUATU","0","0","0","0","0","0","0"
"STATE_VENETIA","0","24","4","0","0","0","28"
"STATE_VERACRUZ","0","9","2","0","0","1","12"
"STATE_VERMONT","0","3","0","0","0","0","3"
"STATE_VICTORIA","0","3","0","0","0","0","3"
"STATE_VILNIUS","0","0","4","0","0","0","4"
"STATE_VIRGINIA","0","39","10","0","0","0","49"
"STATE_VISAYAS","0","12","0","0","0","0","12"
"STATE_VITEBSK","0","18","10","0","0","0","28"
"STATE_VOLHYNIA","0","12","4","0","0","0","16"
"STATE_VOLTA","0","0","0","0","0","0","0"
"STATE_VRYSTAAT","0","0","0","0","0","0","0"
"STATE_VYATKA","0","6","0","0","0","0","6"
"STATE_WADDAI","0","0","2","0","0","0","2"
"STATE_WALES","0","21","0","0","0","0","21"
"STATE_WALLACHIA","0","45","28","0","0","1","74"
"STATE_WALLONIA","20","48","9","0","0","6","83"
"STATE_WASHINGTON","0","0","0","0","0","0","0"
"STATE_WEST_AEGEAN_ISLANDS","0","0","0","0","0","0","0"
"STATE_WEST_BENGAL","10","153","0","0","0","1","164"
"STATE_WEST_BORNEO","0","6","4","0","0","0","10"
"STATE_WEST_COUNTRY","10","6","2","0","0","2","20"
"STATE_WEST_GALICIA","0","3","6","0","0","4","13"
"STATE_WEST_INDIES","0","48","0","0","0","0","48"
"STATE_WEST_JAVA","0","60","34","0","0","1","95"
"STATE_WEST_KARELIA","0","3","2","0","0","0","5"
"STATE_WEST_MICRONESIA","0","0","0","0","0","0","0"
"STATE_WEST_PRUSSIA","0","0","3","0","0","2","5"
"STATE_WEST_SWITZERLAND","0","3","6","0","0","0","9"
"STATE_WEST_VIRGINIA","0","12","0","0","0","0","12"
"STATE_WESTERN_AUSTRALIA","0","3","0","0","0","0","3"
"STATE_WESTERN_CUBA","0","39","2","0","0","1","42"
"STATE_WESTERN_HUBEI","0","30","12","0","0","0","42"
"STATE_WESTERN_MALI","0","0","2","0","0","0","2"
"STATE_WESTERN_NEW_GUINEA","0","3","0","0","0","0","3"
"STATE_WESTERN_NORWAY","0","3","0","0","0","0","3"
"STATE_WESTERN_SERBIA","0","0","2","0","0","1","3"
"STATE_WESTERN_THRACE","0","9","4","0","0","0","13"
"STATE_WESTPHALIA","0","15","4","0","0","0","19"
"STATE_WINDWARD_COAST","0","0","0","0","0","0","0"
"STATE_WISCONSIN","0","0","0","0","0","0","0"
"STATE_WURTTEMBERG","0","9","12","0","0","6","27"
"STATE_WYOMING","0","0","0","0","0","0","0"
"STATE_XIAN","0","15","0","0","0","0","15"
"STATE_YAKUTSK","0","0","0","0","0","0","0"
"STATE_YANGHO","0","3","2","0","0","0","5"
"STATE_YAROSLAVL","0","12","0","0","0","0","12"
"STATE_YEMEN","0","12","4","0","0","0","16"
"STATE_YORKSHIRE","60","72","8","0","0","0","140"
"STATE_YORUBA_STATES","0","0","4","0","0","0","4"
"STATE_YUCATAN","0","3","0","0","0","0","3"
"STATE_YUKON_TERRITORY","0","0","0","0","0","0","0"
"STATE_YUNNAN","0","78","0","0","0","10","88"
"STATE_ZACATECAS","0","6","2","0","0","0","8"
"STATE_ZAMBEZI","0","0","0","0","0","0","0"
"STATE_ZAMBEZIA","0","0","4","0","0","0","4"
"STATE_ZAMBIA","0","0","0","0","0","0","0"
"STATE_ZANZIBAR","0","12","0","0","0","0","12"
"STATE_ZEALAND","0","6","8","0","0","7","21"
"STATE_ZHEJIANG","0","45","8","0","0","10","63"
"STATE_ZHILI","0","6","8","0","0","0","14"
"STATE_ZULIA","0","9","0","0","0","2","11"
"STATE_ZULULAND","0","3","0","0","0","0","3"
