"State","Owner","Owners","Core","Unincorporated","Arable","FixedRural","Ranch","DeclaredHeadroom","Traits"
"STATE_ABRUZZO","SIC","1","True","False","25","9","3","13",""
"STATE_ABU_DHABI","ABU","3","True","False","5","0","0","5",""
"STATE_ACEH","ACE","3","True","False","40","4","0","36","state_trait_natural_harbors"
"STATE_ACRE","BOL","1","False","True","5","0","0","5","state_trait_amazon_rainforest"
"STATE_ADANA","EGY","2","False","False","15","3","0","12","state_trait_euphrates_river"
"STATE_AGRA","BIC","2","False","True","483","11","0","472","state_trait_ganges_river"
"STATE_AKMOLINSK","OZH","2","True","False","45","0","0","45","state_trait_western_steppe state_trait_boi_horse_breeding_traditions"
"STATE_AKTOBE","KZH","1","True","False","24","0","0","24","state_trait_western_steppe state_trait_boi_horse_breeding_traditions"
"STATE_AL_RIF","MOR","2","True","True","50","2","0","48",""
"STATE_ALABAMA","USA","1","True","False","170","19","5","146","state_trait_american_chestnuts"
"STATE_ALAND","FIN","1","True","False","2","0","0","2",""
"STATE_ALASKA","ALK","2","False","False","20","0","0","20","state_trait_yukon_river_salmon_run state_trait_siberian_terrain"
"STATE_ALBANIA","TUR","1","False","False","50","0","0","50","state_trait_terra_rossa"
"STATE_ALBERTA","HBC","3","True","False","80","0","0","80","state_trait_rocky_mountains"
"STATE_ALENTEJO","POR","1","True","False","25","5","3","17","state_trait_tagus_river"
"STATE_ALEPPO","EGY","1","False","False","40","2","0","38","state_trait_euphrates_river"
"STATE_ALGIERS","MAS","2","True","False","82","5","0","77","state_trait_mitidja_plain state_trait_atlas_mountains"
"STATE_ALSACE_LORRAINE","FRA","1","True","False","65","6","0","59","state_trait_saar_coalfield state_trait_rhine_river"
"STATE_ALTAI","CHI","1","False","True","10","0","0","10",""
"STATE_ALTO_PARAGUAY","GNI","1","True","False","20","0","0","20","state_trait_gran_chaco"
"STATE_ALXA","CHI","1","False","True","11","4","0","7","state_trait_gobi_desert"
"STATE_AMAZONAS","CLM","3","False","True","40","0","0","40","state_trait_amazon_rainforest"
"STATE_AMHARA","WLG","8","True","False","140","8","0","132","state_trait_malaria"
"STATE_AMUR","CHI","1","False","True","30","0","0","30",""
"STATE_ANHALT","PRU","2","True","False","75","6","0","69","state_trait_elbe_river"
"STATE_ANKARA","TUR","1","True","False","65","8","4","53","state_trait_anatolian_plateau"
"STATE_ANNAM","DAI","1","True","False","60","3","0","57","state_trait_indochinese_forest"
"STATE_ANTIOQUIA","CLM","1","True","False","120","3","0","117","state_trait_andes"
"STATE_ANTOFAGASTA","BOL","1","True","False","10","0","0","10","state_trait_andes state_trait_atacama_desert"
"STATE_APULIA","SIC","1","True","False","60","8","4","48","state_trait_terra_rossa"
"STATE_AQUITAINE","FRA","1","True","False","90","22","4","64",""
"STATE_ARAGON","SPA","2","True","False","34","4","0","30",""
"STATE_ARAKAN","BIC","2","False","True","32","1","0","31",""
"STATE_ARAUCANIA","CHL","3","False","True","10","0","0","10","state_trait_andes state_trait_canales_patagonicos"
"STATE_AREQUIPA","SPU","1","True","False","25","3","0","22","state_trait_andes"
"STATE_ARIZONA","MEX","3","False","True","40","0","0","40",""
"STATE_ARKANSAS","USA","1","True","True","180","2","2","176","state_trait_mississippi_river"
"STATE_ARKHANGELSK","RUS","1","True","False","15","0","0","15","state_trait_russian_forest"
"STATE_ARMENIA","RUS","1","False","True","60","2","0","58",""
"STATE_ASSAM","BIC","7","False","True","105","4","0","101","state_trait_brahmaputra_river state_trait_himalayan_foothills state_trait_digboi"
"STATE_ASTRAKHAN","RUS","1","True","False","45","2","4","39","state_trait_volga_river state_trait_western_steppe"
"STATE_ASTURIAS","SPA","1","True","False","21","3","0","18","state_trait_cuencas_mineras"
"STATE_ATTICA","GRE","1","True","False","25","5","3","17","state_trait_saronic_gulf"
"STATE_AUSTRIA","AUS","1","True","False","80","13","0","67","state_trait_danube_river"
"STATE_AUVERGNE_LIMOUSIN","FRA","1","True","False","110","11","6","93",""
"STATE_AWADH","AWA","2","True","False","371","58","0","313","state_trait_ganges_river"
"STATE_AYDIN","TUR","1","True","False","35","9","0","26","state_trait_natural_harbors"
"STATE_AZERBAIJAN","RUS","1","False","True","30","3","0","27",""
"STATE_AZORES","POR","1","True","False","6","1","0","5","state_trait_volcanic_soil"
"STATE_BADEN","BAD","1","True","False","50","5","4","41","state_trait_rhine_river state_trait_black_forest"
"STATE_BAGHDAD","TUR","1","False","False","40","5","0","35","state_trait_mesopotamian_floodplain state_trait_tigris_river state_trait_euphrates_river"
"STATE_BAHAMAS","GBR","1","False","True","10","2","0","8",""
"STATE_BAHIA","BRZ","1","True","False","80","17","4","59","state_trait_reconcavo state_trait_mata_atlantica state_trait_sertao"
"STATE_BAJA_CALIFORNIA","MEX","1","True","False","20","0","0","20",""
"STATE_BAJIO","MEX","1","True","False","100","6","5","89",""
"STATE_BAJO_PARAGUAY","PRG","1","True","False","120","6","0","114","state_trait_paraguay_river"
"STATE_BALEARIC_ISLANDS","SPA","1","True","False","11","1","0","10","state_trait_port_mahon"
"STATE_BALKH","KUN","3","True","False","40","5","0","35",""
"STATE_BALUCHISTAN","OMA","4","False","True","63","5","0","58",""
"STATE_BANAT","HUN","1","True","False","70","7","6","57","state_trait_pannonian_plain state_trait_danube_river"
"STATE_BANGKOK","SIA","1","True","False","50","4","1","45","state_trait_chao_phraya_delta state_trait_natural_harbors"
"STATE_BAS_CONGO","KON","2","True","False","50","1","0","49","state_trait_severe_malaria state_trait_congo_river state_trait_congo_forest"
"STATE_BASQUE_COUNTRY","SPC","1","True","False","42","4","0","38","state_trait_somorrostro_valley state_trait_great_terroir"
"STATE_BASRA","TUR","1","False","False","30","2","0","28","state_trait_mesopotamian_floodplain state_trait_tigris_river state_trait_euphrates_river"
"STATE_BAVARIA","BAV","1","True","False","65","12","4","49","state_trait_danube_river"
"STATE_BEIJING","CHI","1","True","False","340","3","0","337","state_trait_kaiping_coalfield"
"STATE_BEIRA","POR","1","True","False","65","6","4","55","state_trait_great_terroir"
"STATE_BEKES","HUN","1","True","False","80","4","6","70","state_trait_pannonian_plain state_trait_boi_horse_breeding_traditions"
"STATE_BENIN","BEN","1","True","False","100","3","0","97","state_trait_malaria state_trait_niger_river"
"STATE_BERMUDA","GBR","1","False","True","10","0","0","10",""
"STATE_BESSARABIA","RUS","1","False","False","50","1","0","49",""
"STATE_BIHAR","BIC","1","False","False","375","35","0","340","state_trait_ganges_river state_trait_jharia_dhanbad_coalfield"
"STATE_BLUE_NILE","EGY","1","False","False","60","7","0","53","state_trait_nile_river"
"STATE_BOHEMIA","AUS","1","True","False","195","6","0","189","state_trait_elbe_river"
"STATE_BOLIVAR","VNZ","1","True","False","40","2","3","35",""
"STATE_BOMBAY","POR","4","False","True","400","4","0","396","state_trait_natural_harbors state_trait_western_ghats"
"STATE_BORNU","BOR","1","True","False","60","2","6","52","state_trait_malaria"
"STATE_BOSNIA","TUR","1","False","False","40","1","0","39",""
"STATE_BOTSWANA","TSW","3","True","False","40","0","0","40","state_trait_severe_malaria"
"STATE_BOUGAINVILLE","HLA","1","True","False","5","0","0","5","state_trait_severe_malaria"
"STATE_BRANDENBURG","PRU","1","True","False","50","0","0","50","state_trait_oder_river"
"STATE_BREST","RUS","1","False","False","75","5","0","70",""
"STATE_BRITISH_COLUMBIA","ORG","3","True","False","40","0","0","40","state_trait_rocky_mountains state_trait_columbia_river"
"STATE_BRITTANY","FRA","1","True","False","120","8","5","107","state_trait_loire_river"
"STATE_BRUNSWICK","HAN","3","True","False","30","2","0","28",""
"STATE_BUENOS_AIRES","ARG","2","True","False","300","1","0","299","state_trait_pampas state_trait_natural_harbors"
"STATE_BUKOVINA","AUS","1","False","False","100","3","0","97",""
"STATE_BULGARIA","TUR","1","True","False","35","7","3","25","state_trait_danube_river"
"STATE_BUNDELKHAND","BAG","4","True","False","174","2","0","172",""
"STATE_BURGUNDY","FRA","1","True","False","80","15","4","61","state_trait_loire_river state_trait_great_terroir"
"STATE_BURYATIA","RUS","1","True","False","15","0","0","15",""
"STATE_BUSAN","KOR","1","True","False","85","3","4","78",""
"STATE_CAJAMARCA","NPU","1","True","False","60","2","0","58","state_trait_andes"
"STATE_CALABRIA","SIC","1","True","False","30","8","3","19",""
"STATE_CALIFORNIA","MEX","1","False","False","300","0","0","300","state_trait_central_valley state_trait_northern_california_coastal_forests"
"STATE_CAMBODIA","SIA","3","False","False","35","3","0","32","state_trait_indochinese_forest state_trait_mekong_river"
"STATE_CAMPANIA","SIC","1","True","False","90","19","0","71",""
"STATE_CANARY_ISLANDS","SPA","1","True","False","7","1","0","6","state_trait_volcanic_soil"
"STATE_CAPE_COLONY","SAF","2","False","False","50","3","0","47","state_trait_natural_harbors"
"STATE_CAPE_VERDE","POR","1","False","True","4","2","0","2","state_trait_volcanic_soil"
"STATE_CATALONIA","SPA","2","True","False","56","9","0","47",""
"STATE_CAUCA","CLM","1","True","False","80","6","0","74","state_trait_andes"
"STATE_CEARA","BRZ","1","True","False","30","3","3","24","state_trait_sertao"
"STATE_CELEBES","SLW","4","True","False","40","1","0","39","state_trait_malaria"
"STATE_CENTRAL_CUBA","CUB","1","True","False","71","7","1","63","state_trait_tierra_roja state_trait_camaguey_plains"
"STATE_CENTRAL_HIGHLANDS","KAB","3","True","True","40","0","0","40",""
"STATE_CENTRAL_HUNGARY","HUN","1","True","False","110","10","8","92","state_trait_danube_river state_trait_pannonian_plain"
"STATE_CENTRAL_JAVA","DEI","3","False","False","80","17","0","63","state_trait_volcanic_soil"
"STATE_CENTRAL_PROVINCES","HYD","4","True","True","205","15","0","190",""
"STATE_CEYLON","BCE","3","False","True","30","9","0","21","state_trait_galle_harbor"
"STATE_CHACO","GNI","2","True","False","60","0","0","60","state_trait_gran_chaco"
"STATE_CHAD","WAD","3","True","False","30","2","0","28","state_trait_malaria state_trait_sahel"
"STATE_CHAMPAGNE","FRA","1","True","False","80","7","4","69","state_trait_great_terroir"
"STATE_CHELYABINSK","RUS","3","True","False","42","0","0","42","state_trait_ural_iron"
"STATE_CHERNIHIV","RUS","1","True","False","75","25","4","46","state_trait_dnieper_river"
"STATE_CHERSON","RUS","1","False","False","80","19","0","61","state_trait_black_soil state_trait_dnieper_river state_trait_western_steppe"
"STATE_CHIANG_MAI","CMI","1","True","False","30","1","3","26",""
"STATE_CHIAPAS","MEX","2","True","False","40","2","0","38","state_trait_central_american_cordilleras"
"STATE_CHIHUAHUA","MEX","1","True","False","40","1","3","36","state_trait_sierra_madre_oriental state_trait_rio_grande_river"
"STATE_CHONGQING","CHI","1","True","False","500","20","2","478","state_trait_yangtze_river state_trait_the_red_basin"
"STATE_CHUGOKU","JAP","1","True","False","101","4","0","97","state_trait_seto_inland_sea"
"STATE_CHUKOTKA","RUS","1","False","True","2","0","0","2","state_trait_siberian_terrain"
"STATE_CHUVASHIA","RUS","1","True","False","45","0","3","42","state_trait_volga_river"
"STATE_CIRCARS","BIC","2","False","False","181","12","0","169",""
"STATE_COLORADO","MEX","4","False","True","160","0","0","160","state_trait_rocky_mountains"
"STATE_CONGO","BOB","3","True","False","50","0","0","50","state_trait_severe_malaria state_trait_congo_river state_trait_congo_forest"
"STATE_CONGO_ORIENTALE","MNB","5","True","False","80","0","0","80","state_trait_severe_malaria state_trait_congo_river state_trait_congo_forest"
"STATE_CONNAUGHT","GBR","1","False","True","75","2","0","73",""
"STATE_CONNECTICUT","USA","1","True","False","15","0","0","15","state_trait_new_england_whaling state_trait_american_chestnuts"
"STATE_CONSTANTINE","CON","3","True","False","99","7","0","92","state_trait_mokta_el_hadid state_trait_atlas_mountains"
"STATE_CORRIENTES","ARG","1","True","False","120","5","8","107","state_trait_parana_river state_trait_paraguay_river state_trait_pampas"
"STATE_CORSICA","FRA","1","False","True","10","2","0","8",""
"STATE_COSTA_RICA","UCA","1","True","False","15","1","0","14","state_trait_central_american_cordilleras"
"STATE_COURLAND","UBD","1","True","False","22","2","0","20",""
"STATE_CRETE","EGY","1","False","False","8","1","0","7",""
"STATE_CRIMEA","RUS","1","True","False","40","4","3","33","state_trait_black_soil state_trait_natural_harbors"
"STATE_CROATIA","CRO","1","True","False","35","3","3","29","state_trait_drava_river state_trait_terra_rossa"
"STATE_CUNDINAMARCA","CLM","1","True","False","50","5","0","45","state_trait_andes"
"STATE_CYPRUS","TUR","1","True","False","9","1","0","8",""
"STATE_DAGESTAN","RUS","2","False","True","25","5","0","20","state_trait_caucasus_mountains"
"STATE_DAHOMEY","DAH","2","True","False","60","2","0","58","state_trait_malaria"
"STATE_DALMATIA","AUS","1","False","False","20","2","0","18","state_trait_krka_falls state_trait_terra_rossa"
"STATE_DARFUR","DFR","1","True","False","20","1","0","19","state_trait_sahel"
"STATE_DEIR_EZ_ZOR","TUR","1","False","False","20","1","0","19","state_trait_euphrates_river"
"STATE_DELAWARE","USA","1","True","False","15","1","0","14",""
"STATE_DELHI","BIC","3","False","True","252","3","0","249","state_trait_ganges_river"
"STATE_DELVIDEK","HUN","1","True","False","50","4","6","40","state_trait_danube_river state_trait_pannonian_plain"
"STATE_DISTRICT_OF_COLUMBIA","USA","1","True","False","3","0","0","3",""
"STATE_DIYARBAKIR","TUR","1","True","False","40","5","3","32","state_trait_tigris_river state_trait_euphrates_river state_trait_zagros_mountains"
"STATE_DOBRUDJA","TUR","2","True","False","10","2","0","8","state_trait_danube_river"
"STATE_DONGOLA","EGY","1","False","False","40","3","0","37","state_trait_nile_river"
"STATE_DURANGO","MEX","1","True","False","60","1","4","55","state_trait_sierra_madre_occidental"
"STATE_DZUNGARIA","CHI","1","False","True","30","2","0","28",""
"STATE_EAST_AEGEAN_ISLANDS","TUR","1","True","False","5","0","0","5",""
"STATE_EAST_ANGLIA","GBR","1","True","False","40","10","0","30","state_trait_good_soils state_trait_natural_harbors"
"STATE_EAST_ANGOLA","CHK","4","True","False","60","0","0","60","state_trait_severe_malaria state_trait_zambezi_river"
"STATE_EAST_BENGAL","BIC","1","False","False","601","10","0","591","state_trait_bengal_delta state_trait_natural_harbors"
"STATE_EAST_BORNEO","DEI","4","False","False","40","5","0","35","state_trait_borneo_rainforest"
"STATE_EAST_GALICIA","AUS","1","False","False","145","4","0","141",""
"STATE_EAST_HAUSALAND","SOK","1","True","False","140","10","0","130","state_trait_malaria"
"STATE_EAST_JAVA","DEI","1","False","False","60","22","0","38","state_trait_natural_harbors state_trait_volcanic_soil"
"STATE_EAST_KARELIA","RUS","1","True","True","10","0","0","10","state_trait_scandinavian_forests"
"STATE_EAST_MICRONESIA","MCR","1","True","False","5","0","0","5","state_trait_severe_malaria"
"STATE_EAST_PRUSSIA","PRU","1","True","False","40","2","3","35",""
"STATE_EAST_SAHARA","AHG","5","True","False","10","0","0","10","state_trait_sahara_desert"
"STATE_EAST_SWITZERLAND","SWI","1","True","False","40","5","3","32","state_trait_alps_mountains state_trait_rhine_river"
"STATE_EASTERN_CAPE","SAF","2","False","True","60","2","0","58",""
"STATE_EASTERN_CUBA","CUB","1","True","False","40","6","1","33","state_trait_guantanamo_bay state_trait_sierra_maestra"
"STATE_EASTERN_HIMALAYAS","SIK","3","True","False","30","0","0","30","state_trait_himalayas_mountains"
"STATE_EASTERN_HUBEI","CHI","1","True","False","320","20","0","300","state_trait_yangtze_river"
"STATE_EASTERN_MALI","MSN","1","True","False","70","3","0","67","state_trait_malaria state_trait_niger_river"
"STATE_EASTERN_NEW_GUINEA","PPU","1","True","False","30","0","0","30","state_trait_severe_malaria"
"STATE_EASTERN_NORWAY","NOR","1","True","False","20","3","0","17","state_trait_christianiafjorden state_trait_kongsberg_silver_mine"
"STATE_EASTERN_SERBIA","TUR","2","False","False","45","4","0","41","state_trait_danube_river"
"STATE_EASTERN_THRACE","TUR","1","True","False","30","7","0","23","state_trait_bosporus"
"STATE_ECUADOR","ECU","1","True","False","50","5","0","45","state_trait_andes state_trait_la_costa"
"STATE_EGYPTIAN_DESERT","EGY","1","True","False","5","0","0","5","state_trait_sahara_desert"
"STATE_ELBE","BRE","3","True","False","30","3","0","27","state_trait_elbe_river state_trait_hamburger_hafen"
"STATE_ELIZAVETPOL","RUS","1","False","True","35","0","0","35",""
"STATE_EMILIA","PAR","3","True","False","60","14","0","46",""
"STATE_ENTRE_DOURO_E_MINHO","POR","1","True","False","60","4","4","52","state_trait_douro_valley state_trait_douro_river"
"STATE_EQUATEUR","BNG","2","True","False","50","0","0","50","state_trait_severe_malaria state_trait_congo_river state_trait_congo_forest"
"STATE_EQUATORIA","DNK","4","True","False","60","0","0","60","state_trait_malaria state_trait_white_nile"
"STATE_ERITREA","EGY","2","False","False","30","0","0","30",""
"STATE_ERZURUM","TUR","1","True","False","40","2","3","35","state_trait_zagros_mountains"
"STATE_ESTREMADURA","POR","1","True","False","30","6","0","24","state_trait_tagus_river state_trait_tagus_estuary"
"STATE_EXTREMADURA","SPA","1","True","False","34","5","3","26","state_trait_tagus_river"
"STATE_FARS","PER","1","True","False","70","6","4","60","state_trait_zagros_mountains"
"STATE_FERGANA","KOK","1","True","False","150","0","5","145",""
"STATE_FEZ","MOR","1","True","False","70","2","4","64",""
"STATE_FIJI","FJI","1","True","False","5","0","0","5","state_trait_severe_malaria"
"STATE_FLANDERS","BEL","1","True","False","90","11","0","79",""
"STATE_FLORIDA","USA","2","True","True","100","0","0","100","state_trait_floridian_wetlands state_trait_bone_valley"
"STATE_FORMOSA","CHI","1","True","False","80","8","1","71",""
"STATE_FRANCHE_COMTE","FRA","1","True","False","50","3","4","43",""
"STATE_FRANCONIA","BAV","1","True","False","80","10","0","70",""
"STATE_FRENCH_LOW_COUNTRIES","FRA","1","True","False","70","7","0","63","state_trait_good_soils state_trait_nord_pas_de_calais_coalfield"
"STATE_FRIESLAND","NET","1","True","False","30","0","0","30",""
"STATE_FUJIAN","CHI","1","True","False","400","28","2","370",""
"STATE_GABON","FNG","2","True","False","40","0","0","40","state_trait_severe_malaria"
"STATE_GALICH","RUS","1","True","False","70","3","4","63","state_trait_russian_forest"
"STATE_GALICIA","SPA","1","True","False","51","6","4","41","state_trait_ria_of_ferrol"
"STATE_GANSU","CHI","1","True","False","150","6","5","139",""
"STATE_GELRE","NET","2","True","False","40","6","0","34","state_trait_rhine_river"
"STATE_GEORGIA","USA","1","True","False","180","18","5","157",""
"STATE_GOIAS","BRZ","1","True","False","40","1","0","39","state_trait_amazon_rainforest"
"STATE_GOLD_COAST","DEN","4","False","True","80","1","0","79","state_trait_malaria"
"STATE_GONDER","QWR","5","True","False","160","15","0","145","state_trait_malaria"
"STATE_GOTALAND","SWE","1","True","False","35","5","3","27","state_trait_scandinavian_forests"
"STATE_GOTLAND","SWE","1","True","False","3","0","0","3","state_trait_good_soils"
"STATE_GREATER_CAUCASUS","RUS","1","False","True","75","0","0","75","state_trait_caucasus_mountains"
"STATE_GREATER_POLAND","RUS","1","False","True","132","3","0","129",""
"STATE_GREENLAND","DEN","1","False","True","3","0","0","3","state_trait_arctic_whaling"
"STATE_GUANGDONG","CHI","2","True","False","330","60","0","270","state_trait_pearl_river state_trait_natural_harbors"
"STATE_GUANGXI","CHI","1","True","False","400","49","2","349","state_trait_pearl_river"
"STATE_GUATEMALA","UCA","2","True","False","40","3","0","37","state_trait_central_american_cordilleras"
"STATE_GUAVIARE","CLM","1","True","False","60","2","0","58","state_trait_amazon_rainforest"
"STATE_GUAYANA","NET","3","False","True","30","5","0","25","state_trait_amazon_rainforest"
"STATE_GUERRERO","MEX","1","True","False","120","2","5","113","state_trait_sierra_madre_oriental"
"STATE_GUINEA","MDK","5","True","False","80","2","0","78","state_trait_malaria state_trait_niger_river"
"STATE_GUIZHOU","CHI","1","True","False","110","17","0","93","state_trait_pearl_river"
"STATE_GUJARAT","BER","10","True","False","335","8","0","327","state_trait_natural_harbors"
"STATE_GUYENNE","FRA","1","True","False","90","8","4","78",""
"STATE_HAIL","JAB","2","True","False","5","0","0","5","state_trait_arabian_desert state_trait_boi_horse_breeding_traditions"
"STATE_HAITI","HAI","1","True","False","35","3","1","31","state_trait_volcanic_soil"
"STATE_HANNOVER","OLD","2","True","False","60","5","0","55",""
"STATE_HAUSALAND","SOK","2","True","False","110","7","0","103","state_trait_malaria state_trait_niger_river"
"STATE_HAWAIIAN_ISLANDS","HAW","1","True","False","15","3","0","12","state_trait_hawaii_sandalwood_forests state_trait_volcanic_soil"
"STATE_HEDJAZ","HDJ","1","True","False","20","2","0","18","state_trait_tihamah"
"STATE_HENAN","CHI","1","True","False","500","12","5","483","state_trait_yellow_river"
"STATE_HERAT","HER","1","True","False","50","4","4","42",""
"STATE_HEREROLAND","HRO","3","True","False","40","0","0","40","state_trait_severe_malaria"
"STATE_HESSE","FRM","5","True","False","80","11","0","69",""
"STATE_HIGHLANDS","GBR","1","True","False","30","0","3","27","state_trait_scottish_highlands state_trait_north_sea_fishing"
"STATE_HILL_PUNJAB","BIC","4","False","True","182","3","0","179","state_trait_indus_river state_trait_himalayan_foothills"
"STATE_HIMALAYAS","NEP","1","True","False","111","2","0","109","state_trait_himalayas_mountains"
"STATE_HINGGAN","CHI","1","False","True","102","1","0","101","state_trait_yellow_river state_trait_eastern_steppe"
"STATE_HOKKAIDO","EZO","2","True","True","25","0","0","25","state_trait_ishikari_coalfield state_trait_ishikari_wetlands_1"
"STATE_HOKUSHINETSU","JAP","1","True","False","104","6","0","98",""
"STATE_HOLLAND","NET","1","True","False","30","6","0","24","state_trait_rhine_river state_trait_natural_harbors"
"STATE_HOME_COUNTIES","GBR","1","True","False","40","20","0","20","state_trait_good_soils state_trait_london_docklands"
"STATE_HONDURAS","UCA","1","True","False","35","1","3","31","state_trait_central_american_cordilleras"
"STATE_HUDAVENDIGAR","TUR","1","True","False","40","6","4","30",""
"STATE_HUNAN","CHI","1","True","False","330","14","2","314","state_trait_yangtze_river"
"STATE_HYDERABAD","HYD","1","True","False","250","7","5","238",""
"STATE_ICA","SPU","2","True","False","50","9","0","41","state_trait_andes"
"STATE_ICELAND","DEN","1","False","True","5","0","0","5","state_trait_arctic_whaling"
"STATE_IDAHO","ORG","3","False","True","60","0","0","60","state_trait_rocky_mountains"
"STATE_ILE_DE_FRANCE","FRA","1","True","False","40","10","0","30","state_trait_seine_river state_trait_good_soils"
"STATE_ILLINOIS","USA","1","True","False","270","2","5","263","state_trait_mississippi_river"
"STATE_INDIAN_OCEAN_TERRITORY","FRA","2","False","True","15","5","0","10","state_trait_mascarene_plateau state_trait_volcanic_soil"
"STATE_INDIANA","USA","1","True","False","220","8","5","207","state_trait_ohio_river"
"STATE_INGRIA","RUS","1","True","False","50","3","0","47","state_trait_russian_forest state_trait_kronstadt_island"
"STATE_INNER_MAURITANIA","OUA","3","True","False","20","0","0","20","state_trait_malaria state_trait_sahara_desert"
"STATE_INNER_MOROCCO","MOR","2","True","True","50","2","0","48","state_trait_atlas_mountains"
"STATE_IONIAN_ISLANDS","ION","1","True","False","10","1","0","9",""
"STATE_IOWA","USA","1","True","True","240","0","2","238","state_trait_mississippi_river"
"STATE_IRAKAJEMI","PER","1","True","False","50","4","4","42",""
"STATE_IRKUTSK","RUS","1","True","True","30","0","2","28","state_trait_angara_river"
"STATE_ISFAHAN","PER","1","True","False","90","1","4","85","state_trait_turqoise_deposits"
"STATE_ISTRIA","AUS","1","False","False","25","0","0","25","state_trait_terra_rossa state_trait_gulf_of_trieste"
"STATE_IVORY_COAST","FRA","4","False","True","50","0","0","50","state_trait_malaria"
"STATE_JALISCO","MEX","1","True","False","80","2","4","74","state_trait_sierra_madre_occidental state_trait_natural_harbors"
"STATE_JAMAICA","GBR","1","False","True","20","9","0","11","state_trait_kingston_harbour state_trait_volcanic_soil"
"STATE_JETISY","CHI","1","False","True","50","1","0","49",""
"STATE_JIANGSU","CHI","1","True","False","280","23","2","255",""
"STATE_JIANGXI","CHI","1","True","False","600","32","2","566","state_trait_yangtze_river"
"STATE_JUJUY","BOL","2","False","False","50","0","0","50","state_trait_gran_chaco"
"STATE_JUTLAND","DEN","1","True","False","35","14","3","18","state_trait_good_soils"
"STATE_KABUL","KAB","2","True","False","80","5","0","75",""
"STATE_KACHIN","BUR","1","True","False","38","2","1","35","state_trait_burmese_teak"
"STATE_KALMYKIA","RUS","1","False","False","8","0","0","8","state_trait_western_steppe state_trait_boi_horse_breeding_traditions"
"STATE_KAMCHATKA","RUS","1","False","True","4","0","0","4",""
"STATE_KANAK","KNK","1","True","False","5","0","0","5","state_trait_new_caledonian_nickel state_trait_severe_malaria"
"STATE_KANDAHAR","KAN","1","True","False","50","4","4","42",""
"STATE_KANSAI","JAP","1","True","False","95","6","0","89","state_trait_nara_basin state_trait_seto_inland_sea"
"STATE_KANSAS","USA","3","False","True","240","0","0","240","state_trait_the_great_plains"
"STATE_KANTO","JAP","1","True","False","117","8","0","109","state_trait_edo_bay state_trait_kanto_plain"
"STATE_KARS","TUR","2","True","False","10","3","0","7",""
"STATE_KASAI","KBA","2","True","False","70","0","0","70","state_trait_severe_malaria state_trait_congo_forest"
"STATE_KASHMIR","KAS","3","True","False","85","3","0","82","state_trait_indus_river"
"STATE_KASTAMONU","TUR","1","True","False","35","5","3","27","state_trait_pontus state_trait_zonguldak_basin"
"STATE_KATANGA","KZM","3","True","False","90","0","0","90","state_trait_severe_malaria"
"STATE_KAUNAS","RUS","1","False","True","56","2","0","54",""
"STATE_KAZAN","RUS","1","True","False","85","2","5","78","state_trait_volga_river"
"STATE_KAZEMBE","BMB","3","True","False","60","0","0","60","state_trait_malaria"
"STATE_KENTUCKY","USA","1","True","False","180","13","5","162","state_trait_appalachian_coal state_trait_ohio_river state_trait_american_chestnuts"
"STATE_KENYA","KKY","9","True","False","80","1","0","79","state_trait_malaria"
"STATE_KERMAN","PER","1","True","False","20","4","0","16","state_trait_bam_narmashir"
"STATE_KHARKOV","RUS","1","True","False","150","30","5","115","state_trait_black_soil state_trait_dnieper_river"
"STATE_KHIVA","KHI","3","True","False","85","6","0","79",""
"STATE_KHORASAN","PER","1","True","False","90","4","4","82",""
"STATE_KHUZESTAN","ARB","1","True","False","60","2","4","54",""
"STATE_KIEV","RUS","1","False","False","175","39","0","136","state_trait_black_soil state_trait_dnieper_river"
"STATE_KIRGHIZIA","KOK","2","True","False","50","4","0","46",""
"STATE_KOLA","RUS","1","True","True","2","0","0","2","state_trait_scandinavian_forests"
"STATE_KOLYMA","RUS","1","True","False","4","0","0","4","state_trait_siberian_terrain"
"STATE_KONYA","TUR","1","True","False","40","8","3","29","state_trait_anatolian_plateau"
"STATE_KORDOFAN","EGY","1","False","False","40","1","0","39","state_trait_sahel"
"STATE_KOSOVO","TUR","1","False","False","45","0","0","45",""
"STATE_KRASNOYARSK","RUS","1","True","False","45","0","3","42","state_trait_yenisei_river"
"STATE_KUBAN","RUS","2","False","True","105","8","0","97","state_trait_western_steppe state_trait_black_soil state_trait_boi_horse_breeding_traditions"
"STATE_KUOPIO","FIN","1","True","False","25","0","3","22","state_trait_scandinavian_forests"
"STATE_KURNOOL","BIC","2","False","True","63","1","0","62",""
"STATE_KURSK","RUS","1","True","False","115","8","5","102","state_trait_don_river state_trait_black_soil"
"STATE_KYOTO","JAP","1","True","False","44","6","0","38",""
"STATE_KYUSHU","JAP","1","True","False","101","8","2","91","state_trait_chikuho_coalfield state_trait_nagasaki_bay"
"STATE_LA_PAMPA","ARG","1","True","False","150","3","5","142",""
"STATE_LA_PAZ","BOL","1","True","False","120","3","0","117",""
"STATE_LANCASHIRE","GBR","1","True","False","45","13","0","32","state_trait_lancashire_coalfield state_trait_natural_harbors"
"STATE_LANGUEDOC","FRA","1","True","False","120","31","5","84",""
"STATE_LAOS","LUA","5","True","False","40","3","0","37","state_trait_indochinese_forest state_trait_mekong_river"
"STATE_LARISTAN","PER","3","True","False","30","1","0","29","state_trait_natural_harbors"
"STATE_LAZIO","PAP","1","True","False","60","3","4","53",""
"STATE_LEBANON","EGY","1","False","False","30","2","0","28","state_trait_mount_lebanon"
"STATE_LEINSTER","GBR","1","False","True","95","5","0","90",""
"STATE_LEON","SPA","1","True","False","41","5","3","33","state_trait_douro_river"
"STATE_LESSER_POLAND","RUS","1","False","True","60","3","0","57",""
"STATE_LHASA","TIB","1","True","False","100","3","0","97","state_trait_himalayas_mountains"
"STATE_LIBERIA","LIB","3","True","False","70","2","0","68","state_trait_malaria"
"STATE_LIBYA","TRI","3","True","True","28","2","0","26","state_trait_sahara_desert"
"STATE_LIBYAN_DESERT","FZN","4","False","False","10","0","0","10","state_trait_sahara_desert"
"STATE_LIMA","NPU","1","True","False","40","5","2","33","state_trait_andes state_trait_chincha_islands"
"STATE_LINDI","HHE","3","True","False","70","0","0","70","state_trait_malaria"
"STATE_LOMBARDY","AUS","1","False","False","110","6","0","104","state_trait_po_river"
"STATE_LORRAINE","FRA","1","True","False","55","2","4","49",""
"STATE_LOS_RIOS","CHL","1","True","False","70","2","2","66","state_trait_andes state_trait_cordillera_de_la_costa state_trait_longitudinal_valley"
"STATE_LOUISIANA","USA","1","True","False","120","4","5","111","state_trait_mississippi_river"
"STATE_LOURENCO_MARQUES","POR","2","False","True","80","1","0","79","state_trait_malaria"
"STATE_LOWER_ANDALUSIA","SPA","1","True","False","67","7","4","56","state_trait_guadalquivir state_trait_bay_of_cadiz state_trait_riotinto_basin"
"STATE_LOWER_EGYPT","EGY","1","True","False","80","28","4","48","state_trait_nile_river"
"STATE_LOWER_SILESIA","PRU","1","True","False","90","5","4","81","state_trait_oder_river"
"STATE_LOWLANDS","GBR","1","True","False","60","6","5","49","state_trait_central_belt_coalfield state_trait_north_sea_fishing"
"STATE_LURISTAN","PER","1","True","False","40","3","3","34","state_trait_zagros_mountains"
"STATE_LUZON","PHI","2","True","False","80","17","0","63","state_trait_manila_bay"
"STATE_MACEDONIA","TUR","1","True","False","20","2","0","18",""
"STATE_MADEIRA","POR","1","True","False","9","3","0","6","state_trait_volcanic_soil"
"STATE_MADRAS","FRA","4","False","True","375","22","0","353","state_trait_cauvery_delta state_trait_natural_harbors state_trait_western_ghats"
"STATE_MAINE","USA","1","True","False","20","0","0","20","state_trait_new_england_whaling state_trait_american_chestnuts"
"STATE_MAINE_ANJOU","FRA","1","True","False","112","6","5","101","state_trait_loire_river"
"STATE_MALAYA","JOH","5","True","False","35","9","0","26","state_trait_natural_harbors"
"STATE_MALTA","GBR","1","False","True","5","0","0","5","state_trait_natural_harbors"
"STATE_MALWA","IND","3","True","False","131","17","0","114","state_trait_good_soils"
"STATE_MANDALAY","BUR","2","True","False","48","4","0","44","state_trait_burmese_teak state_trait_yenangyaung"
"STATE_MANITOBA","HBC","2","True","False","60","0","0","60","state_trait_canadian_prairies state_trait_hudson_bay"
"STATE_MARANHAO","BRZ","1","True","False","30","2","0","28","state_trait_amazon_rainforest"
"STATE_MARRAKECH","MOR","1","True","False","60","1","4","55","state_trait_khouribga_basin"
"STATE_MARYLAND","USA","1","True","False","25","4","3","18",""
"STATE_MASSACHUSETTS","USA","1","True","False","20","2","0","18","state_trait_new_england_whaling state_trait_american_chestnuts state_trait_natural_harbors"
"STATE_MATO_GROSSO","PRG","3","True","True","60","2","0","58","state_trait_amazon_rainforest state_trait_pantanal state_trait_terra_roxa"
"STATE_MATRUH","EGY","1","True","False","3","0","0","3","state_trait_sahara_desert"
"STATE_MAURITANIA","OUA","6","True","False","30","0","0","30","state_trait_malaria state_trait_sahel"
"STATE_MAZANDARAN","PER","1","True","False","70","5","4","61","state_trait_hyrcanian_forests state_trait_alborz_mountains"
"STATE_MAZOVIA","RUS","1","False","True","75","2","0","73",""
"STATE_MECKLENBURG","MEC","2","True","False","25","5","0","20",""
"STATE_MEKONG","DAI","2","True","False","60","1","0","59","state_trait_mekong_delta state_trait_indochinese_forest"
"STATE_MERZ","TRM","3","True","False","38","0","0","38",""
"STATE_MEXICO","MEX","1","True","False","160","7","0","153","state_trait_sierra_madre_oriental"
"STATE_MICHIGAN","USA","1","True","True","180","1","2","177","state_trait_great_lakes"
"STATE_MIDDLE_EGYPT","EGY","1","True","False","50","9","4","37","state_trait_nile_river"
"STATE_MIDLANDS","GBR","1","True","False","80","15","0","65","state_trait_black_country"
"STATE_MINAS_GERAIS","BRZ","1","True","False","150","12","5","133",""
"STATE_MINDANAO","PHI","4","True","True","60","3","0","57",""
"STATE_MINNESOTA","USA","2","True","True","200","0","0","200","state_trait_mississippi_river"
"STATE_MINSK","RUS","1","True","False","90","2","0","88",""
"STATE_MIRANDA","VNZ","1","True","False","60","3","4","53",""
"STATE_MISSISSIPPI","USA","1","True","False","160","10","5","145","state_trait_mississippi_river state_trait_american_chestnuts"
"STATE_MISSOURI","USA","1","True","False","230","3","5","222","state_trait_mississippi_river"
"STATE_MOCAMBIQUE","POR","4","False","True","80","2","0","78","state_trait_malaria"
"STATE_MOGILEV","RUS","1","True","False","70","2","4","64","state_trait_russian_forest"
"STATE_MOLDAVIA","MOL","1","True","False","100","5","5","90",""
"STATE_MOLUCCAS","DEI","2","False","False","20","7","0","13",""
"STATE_MONTANA","USA","5","False","True","200","0","0","200","state_trait_rocky_mountains"
"STATE_MONTENEGRO","TUR","3","False","False","38","3","0","35","state_trait_terra_rossa"
"STATE_MORAVIA","AUS","1","True","False","80","4","4","72",""
"STATE_MOSCOW","RUS","1","True","False","60","0","0","60","state_trait_volga_river state_trait_russian_forest"
"STATE_MOSUL","TUR","1","True","False","30","1","3","26","state_trait_tigris_river"
"STATE_MUNSTER","GBR","1","False","True","130","3","0","127","state_trait_the_golden_vale state_trait_natural_harbors"
"STATE_MURCIA","SPA","1","True","False","24","4","0","20","state_trait_sierra_minera_de_cartagena state_trait_bay_of_cartagena"
"STATE_MYSORE","MYS","2","True","False","210","11","0","199","state_trait_western_ghats"
"STATE_NAKHON_RATCHASIMA","SIA","1","True","False","40","3","0","37","state_trait_indochinese_forest"
"STATE_NAMAQUALAND","NAM","2","True","False","30","0","0","30","state_trait_severe_malaria"
"STATE_NANJING","CHI","1","True","False","360","15","2","343","state_trait_yangtze_river"
"STATE_NAURU","NRU","1","True","False","5","0","0","5","state_trait_severe_malaria"
"STATE_NEBRASKA","USA","3","False","True","240","0","0","240","state_trait_the_great_plains"
"STATE_NEJD","NEJ","1","True","False","10","2","0","8","state_trait_arabian_desert state_trait_boi_horse_breeding_traditions"
"STATE_NENETSIA","RUS","1","True","True","5","0","0","5","state_trait_siberian_terrain"
"STATE_NEVADA","MEX","2","False","False","40","0","0","40","state_trait_the_great_basin_desert"
"STATE_NEW_BRUNSWICK","NBS","2","True","False","40","0","0","40","state_trait_halifax_harbor"
"STATE_NEW_CASTILE","SPA","1","True","False","51","7","4","40","state_trait_tagus_river"
"STATE_NEW_HAMPSHIRE","USA","1","True","False","15","1","0","14","state_trait_new_england_whaling state_trait_american_chestnuts"
"STATE_NEW_JERSEY","USA","1","True","False","40","1","3","36","state_trait_newark_harbor"
"STATE_NEW_MEXICO","MEX","4","True","True","40","0","0","40","state_trait_rio_grande_river"
"STATE_NEW_SOUTH_WALES","NSW","7","True","False","40","3","0","37","state_trait_great_dividing_range state_trait_murray_darling_basin state_trait_natural_harbors"
"STATE_NEW_YORK","USA","1","True","False","120","3","0","117","state_trait_niagara_falls state_trait_american_chestnuts state_trait_new_york_harbor"
"STATE_NEWFOUNDLAND","GBR","1","False","True","20","0","0","20","state_trait_grand_banks_fisheries"
"STATE_NGARI","TIB","1","True","False","60","1","0","59","state_trait_himalayas_mountains"
"STATE_NICARAGUA","UCA","2","True","False","50","2","0","48","state_trait_central_american_cordilleras"
"STATE_NIGER","AIR","4","True","False","40","0","0","40","state_trait_malaria state_trait_sahel"
"STATE_NIGER_DELTA","IBO","1","True","False","120","0","0","120","state_trait_malaria state_trait_niger_river"
"STATE_NIGERIA","SOK","1","True","False","60","4","0","56","state_trait_malaria"
"STATE_NINGXIA","CHI","1","True","False","200","3","5","192","state_trait_yellow_river"
"STATE_NIZHNY_NOVGOROD","RUS","1","True","False","80","0","4","76","state_trait_volga_river state_trait_russian_forest"
"STATE_NORMANDY","FRA","1","True","False","120","7","5","108","state_trait_seine_river state_trait_natural_harbors"
"STATE_NORRLAND","SWE","1","True","False","22","0","0","22","state_trait_malmberget state_trait_scandinavian_forests"
"STATE_NORTH_ANGOLA","POR","2","False","True","50","3","0","47","state_trait_malaria"
"STATE_NORTH_BORNEO","BRU","3","True","False","20","1","0","19","state_trait_sarawak_river state_trait_borneo_rainforest"
"STATE_NORTH_CAMEROON","SOK","2","True","False","70","1","0","69","state_trait_malaria"
"STATE_NORTH_CAROLINA","USA","1","True","False","180","15","5","160","state_trait_appalachian_coal"
"STATE_NORTH_CAUCASUS","RUS","3","False","False","25","2","0","23","state_trait_caucasus_mountains"
"STATE_NORTH_DAKOTA","USA","2","False","True","240","0","0","240","state_trait_the_great_plains"
"STATE_NORTH_ISLAND","UNT","3","True","False","30","0","0","30",""
"STATE_NORTH_MADAGASCAR","MAD","1","True","False","80","3","0","77","state_trait_malaria"
"STATE_NORTH_RHINE","PRU","1","True","False","77","10","4","63","state_trait_rhine_river state_trait_ruhr_coalfield"
"STATE_NORTH_SUMATRA","DEI","3","False","False","60","3","0","57",""
"STATE_NORTHERN_ANHUI","CHI","1","True","False","270","21","5","244",""
"STATE_NORTHERN_BALUCHISTAN","KAN","1","True","True","10","0","0","10",""
"STATE_NORTHERN_CAPE","SAF","4","False","True","40","2","0","38",""
"STATE_NORTHERN_MANCHURIA","CHI","1","True","False","140","2","8","130","state_trait_eastern_steppe"
"STATE_NORTHERN_NORWAY","NOR","1","True","False","20","0","0","20","state_trait_north_sea_fishing state_trait_arctic_whaling state_trait_trondhjemsfjorden"
"STATE_NORTHERN_TERRITORY","NSW","10","True","False","10","0","0","10","state_trait_australian_desert"
"STATE_NORTHERN_THRACE","TUR","1","True","False","30","6","0","24",""
"STATE_NORTHERN_TRANSYLVANIA","TRS","1","True","False","50","2","4","44",""
"STATE_NORTHWEST_TERRITORIES","HBC","1","True","True","20","0","0","20","state_trait_northern_canadian_terrain"
"STATE_NOVGOROD","RUS","1","True","False","70","0","4","66","state_trait_russian_forest"
"STATE_NUNAVUT","HBC","1","True","True","20","0","0","20","state_trait_northern_canadian_terrain state_trait_hudson_bay"
"STATE_OAXACA","MEX","1","True","False","120","1","5","114","state_trait_sierra_madre_oriental"
"STATE_OB","RUS","1","False","True","2","0","0","2","state_trait_siberian_terrain state_trait_ob_river"
"STATE_OHIO","USA","1","True","False","180","6","5","169","state_trait_ohio_river"
"STATE_OKHOTSK","RUS","1","True","True","2","0","0","2","state_trait_siberian_terrain"
"STATE_OKLAHOMA","SEQ","2","True","False","220","1","0","219",""
"STATE_OLD_CASTILE","SPA","1","True","False","69","12","4","53","state_trait_good_soils state_trait_douro_river"
"STATE_OMAN","OMA","1","True","False","10","0","0","10",""
"STATE_ONTARIO","HBC","2","True","False","200","3","0","197","state_trait_great_lakes state_trait_niagara_falls state_trait_hudson_bay"
"STATE_ORAN","MAS","2","True","False","53","5","0","48","state_trait_atlas_mountains"
"STATE_OREGON","ORG","1","False","False","200","0","0","200","state_trait_columbia_river state_trait_cascades"
"STATE_ORISSA","BIC","4","False","False","83","2","0","81",""
"STATE_ORLEANS","FRA","1","True","False","70","12","4","54","state_trait_loire_river state_trait_good_soils"
"STATE_OROMIA","HAR","4","True","False","130","8","0","122","state_trait_malaria"
"STATE_ORYOL","RUS","1","True","False","180","8","5","167",""
"STATE_OSTROBOTHNIA","FIN","1","True","False","15","1","0","14","state_trait_scandinavian_forests"
"STATE_OULU","FIN","1","True","False","8","0","0","8","state_trait_scandinavian_forests"
"STATE_OUTER_HAUSALAND","SOK","3","True","False","60","5","0","55","state_trait_malaria state_trait_niger_river state_trait_sahel"
"STATE_OUTER_MANCHURIA","CHI","1","True","True","25","0","2","23","state_trait_golden_horn_bay"
"STATE_PALESTINE","EGY","1","False","False","30","1","0","29",""
"STATE_PANAMA","CLM","1","False","False","20","2","0","18",""
"STATE_PARA","PRA","1","True","False","30","2","0","28","state_trait_amazon_rainforest state_trait_serra_dos_carajas"
"STATE_PARAIBA","BRZ","1","True","False","50","2","4","44","state_trait_sertao state_trait_mata_atlantica"
"STATE_PARANA","BRZ","1","True","False","40","3","3","34","state_trait_parana_river state_trait_terra_roxa"
"STATE_PASHTUNISTAN","KAB","3","True","False","150","19","0","131","state_trait_indus_river"
"STATE_PASTAZA","NPU","2","False","False","30","0","0","30","state_trait_amazon_rainforest"
"STATE_PATAGONIA","THL","2","True","False","150","0","0","150","state_trait_andes"
"STATE_PEGU","BUR","3","True","False","40","3","0","37","state_trait_irrwaddy_delta state_trait_burmese_teak"
"STATE_PELOPONNESE","GRE","1","True","False","10","2","0","8",""
"STATE_PENNSYLVANIA","USA","1","True","False","180","9","0","171","state_trait_ohio_river state_trait_appalachian_coal state_trait_american_chestnuts"
"STATE_PERM","RUS","1","True","False","70","0","4","66","state_trait_russian_forest state_trait_ural_iron"
"STATE_PERNAMBUCO","BRZ","1","True","False","60","13","4","43","state_trait_sertao state_trait_mata_atlantica"
"STATE_PERSIAN_KURDISTAN","PER","1","True","False","50","0","4","46","state_trait_zagros_mountains"
"STATE_PIAUI","BRZ","1","True","False","30","1","3","26","state_trait_sertao"
"STATE_PICARDY","FRA","1","True","False","80","7","4","69","state_trait_good_soils"
"STATE_PIEDMONT","SAR","1","True","False","90","13","0","77","state_trait_po_river"
"STATE_POITOU","FRA","1","True","False","90","4","4","82",""
"STATE_POMERANIA","PRU","1","True","False","55","4","4","47","state_trait_oder_river"
"STATE_POSEN","PRU","1","True","False","90","5","4","81",""
"STATE_POTOSI","BOL","1","True","False","20","3","0","17","state_trait_andes"
"STATE_PROVENCE","SAR","2","False","False","60","20","0","40","state_trait_rhone_river state_trait_natural_harbors"
"STATE_PSKOV","RUS","1","True","False","52","5","4","43","state_trait_russian_forest"
"STATE_PUERTO_RICO","PCO","1","True","True","15","6","0","9","state_trait_natural_harbors"
"STATE_PUNJAB","PAN","2","True","False","505","18","0","487","state_trait_indus_river state_trait_indus_valley"
"STATE_PYONGYANG","KOR","1","True","False","100","4","5","91",""
"STATE_QINGHAI","CHI","1","False","True","60","5","0","55","state_trait_yellow_river"
"STATE_QUEBEC","QUE","2","True","False","200","2","0","198","state_trait_st_lawrence_river"
"STATE_QUEENSLAND","NSW","9","True","False","20","1","0","19","state_trait_great_dividing_range"
"STATE_QUETTA","KAB","2","True","False","42","0","0","42",""
"STATE_RAJPUTANA","BIK","10","True","False","199","6","0","193",""
"STATE_RHINELAND","PRU","2","True","False","55","9","0","46","state_trait_rhine_river state_trait_great_terroir"
"STATE_RHODE_ISLAND","USA","1","True","False","10","0","0","10","state_trait_new_england_whaling state_trait_american_chestnuts"
"STATE_RHONE","FRA","1","True","False","110","26","0","84","state_trait_rhone_river state_trait_loire_coalfield"
"STATE_RIFT_VALLEY","MSI","3","True","False","60","0","0","60","state_trait_malaria state_trait_lake_victoria"
"STATE_RIGA","RUS","2","False","True","38","3","0","35",""
"STATE_RIO_DE_JANEIRO","BRZ","1","True","False","80","13","0","67","state_trait_mata_atlantica"
"STATE_RIO_GRANDE","MEX","1","True","False","40","1","3","36","state_trait_rio_grande_river"
"STATE_RIO_GRANDE_DO_NORTE","BRZ","1","True","False","30","1","3","26","state_trait_sertao state_trait_mata_atlantica"
"STATE_RIO_GRANDE_DO_SUL","PNI","1","True","False","80","5","6","69","state_trait_uruguay_river state_trait_pampas"
"STATE_RIO_NEGRO","ARG","2","True","True","120","0","0","120","state_trait_andes"
"STATE_ROMAGNA","PAP","1","True","False","40","9","3","28",""
"STATE_ROSTOV","RUS","1","True","False","125","2","8","115","state_trait_don_river state_trait_western_steppe state_trait_black_soil state_trait_boi_horse_breeding_traditions"
"STATE_RUHR","PRU","1","True","False","39","3","0","36","state_trait_rhine_river state_trait_ruhr_coalfield"
"STATE_RUTHENIA","HUN","1","True","False","70","1","4","65",""
"STATE_RYAZAN","RUS","1","True","False","65","0","0","65",""
"STATE_RYUKYU_ISLANDS","RYU","2","True","False","15","3","0","12","state_trait_naha_cane_fields"
"STATE_SAHARA","MZB","5","True","False","10","0","0","10","state_trait_sahara_desert"
"STATE_SAKHALIN","SKH","5","True","False","10","0","0","10",""
"STATE_SAMARA","RUS","2","True","False","95","4","0","91","state_trait_volga_river state_trait_western_steppe"
"STATE_SAN_SALVADOR","UCA","1","True","False","25","2","3","20","state_trait_central_american_cordilleras"
"STATE_SANTA_CATARINA","BRZ","1","True","False","40","1","3","36","state_trait_terra_roxa"
"STATE_SANTA_CRUZ","BOL","1","True","False","100","2","0","98","state_trait_amazon_rainforest"
"STATE_SANTA_FE","GNI","2","False","False","80","1","0","79","state_trait_parana_river state_trait_pampas"
"STATE_SANTIAGO","CHL","1","True","False","50","3","3","44","state_trait_andes state_trait_cordillera_de_la_costa state_trait_longitudinal_valley"
"STATE_SANTO_DOMINGO","HAI","1","False","True","30","5","0","25","state_trait_volcanic_soil"
"STATE_SAO_PAULO","BRZ","1","True","False","130","12","0","118","state_trait_parana_river state_trait_mata_atlantica state_trait_terra_roxa"
"STATE_SARDINIA","SAR","1","False","False","15","1","0","14",""
"STATE_SARIWON","KOR","1","True","False","40","4","3","33",""
"STATE_SASKATCHEWAN","HBC","2","True","False","60","0","0","60","state_trait_canadian_prairies"
"STATE_SAVOY","SAR","1","True","False","20","4","0","16","state_trait_alps_mountains"
"STATE_SAXONY","SAX","5","True","False","100","16","0","84","state_trait_elbe_river"
"STATE_SCANIA","SWE","1","True","False","20","8","0","12","state_trait_scanian_soils state_trait_natural_harbors"
"STATE_SCHLESWIG_HOLSTEIN","HOL","3","True","False","40","8","0","32",""
"STATE_SEMIRECHE","OZH","1","True","False","32","0","4","28","state_trait_western_steppe state_trait_irtysh_river state_trait_boi_horse_breeding_traditions"
"STATE_SEMNAN","PER","1","True","False","20","1","0","19",""
"STATE_SENEGAL","FRA","10","False","True","120","1","0","119","state_trait_malaria state_trait_sahel state_trait_cap_vert"
"STATE_SEOUL","KOR","1","True","False","70","6","4","60",""
"STATE_SHAN_STATES","BUR","2","False","False","33","1","0","32","state_trait_burmese_teak"
"STATE_SHANDONG","CHI","1","True","False","350","6","0","344","state_trait_yellow_river"
"STATE_SHANXI","CHI","1","True","False","375","7","5","363","state_trait_the_loess_plateau state_trait_yellow_river"
"STATE_SHAOZHOU","CHI","1","True","False","200","29","2","169","state_trait_natural_harbors"
"STATE_SHENGJING","CHI","1","True","False","75","0","4","71","state_trait_dalian_bay"
"STATE_SHIKOKU","JAP","1","True","False","56","4","1","51","state_trait_seto_inland_sea"
"STATE_SICHUAN","CHI","1","True","False","330","6","2","322","state_trait_yangtze_river state_trait_the_red_basin"
"STATE_SICILY","SIC","1","True","False","60","10","4","46","state_trait_sicilian_sulfur_mines"
"STATE_SIERRA_LEONE","TMN","3","True","False","70","2","0","68","state_trait_malaria"
"STATE_SINAI","EGY","1","True","False","10","0","0","10",""
"STATE_SINALOA","MEX","1","True","False","60","1","4","55","state_trait_sierra_madre_occidental"
"STATE_SINDH","SIN","1","True","False","75","2","4","69","state_trait_indus_river state_trait_indus_valley"
"STATE_SISTAN","MAK","3","True","False","30","1","0","29",""
"STATE_SKOPIA","TUR","1","True","False","30","5","3","22",""
"STATE_SLAVONIA","CRO","1","True","False","20","2","0","18","state_trait_danube_river"
"STATE_SLOVAKIA","HUN","1","True","False","105","3","5","97","state_trait_danube_river"
"STATE_SLOVENIA","AUS","1","True","False","25","4","3","18","state_trait_drava_river"
"STATE_SMOLENSK","RUS","1","True","False","62","3","0","59","state_trait_russian_forest"
"STATE_SOLOMON_ISLANDS","BLA","1","True","False","5","0","0","5","state_trait_severe_malaria"
"STATE_SOMALILAND","ISQ","4","True","False","80","6","0","74","state_trait_malaria"
"STATE_SONORA","MEX","1","True","False","40","0","3","37","state_trait_sierra_madre_occidental"
"STATE_SOUTH_ANGOLA","HRO","4","False","False","70","2","0","68","state_trait_malaria"
"STATE_SOUTH_ATLANTIC_ISLANDS","GBR","1","True","True","10","0","0","10","state_trait_antarctic_whaling"
"STATE_SOUTH_AUSTRALIA","SAS","8","True","False","40","2","0","38","state_trait_australian_desert state_trait_copper_coast"
"STATE_SOUTH_CAMEROON","SIL","4","False","True","70","1","0","69","state_trait_malaria"
"STATE_SOUTH_CAROLINA","USA","1","True","False","100","22","5","73",""
"STATE_SOUTH_DAKOTA","LKT","2","True","False","240","0","0","240","state_trait_the_great_plains"
"STATE_SOUTH_ISLAND","NTO","2","True","False","30","0","0","30",""
"STATE_SOUTH_MADAGASCAR","MAD","1","True","False","80","3","0","77","state_trait_malaria"
"STATE_SOUTH_SUMATRA","DEI","1","False","False","40","1","0","39",""
"STATE_SOUTH_TYROL","AUS","1","True","False","30","2","3","25","state_trait_alps_mountains"
"STATE_SOUTHERN_ANHUI","CHI","1","True","False","550","22","0","528","state_trait_yangtze_river"
"STATE_SOUTHERN_MANCHURIA","CHI","1","True","False","200","3","5","192",""
"STATE_SOUTHERN_TRANSYLVANIA","TRS","1","True","False","50","3","4","43",""
"STATE_STAVROPOL","RUS","1","True","True","100","0","3","97","state_trait_western_steppe state_trait_black_soil"
"STATE_STYRIA","AUS","1","True","False","40","3","3","34","state_trait_drava_river"
"STATE_SUNDA_ISLANDS","BAL","3","True","False","60","7","0","53",""
"STATE_SURGUT","RUS","1","True","False","4","0","0","4","state_trait_ob_river"
"STATE_SUZHOU","CHI","1","True","False","400","12","2","386","state_trait_yangtze_river state_trait_natural_harbors"
"STATE_SVEALAND","SWE","1","True","False","30","2","3","25","state_trait_bergslagen state_trait_scandinavian_forests state_trait_natural_harbors"
"STATE_SYRDARYA","OZH","4","True","False","65","0","0","65",""
"STATE_SYRIA","EGY","1","False","False","30","4","0","26","state_trait_euphrates_river state_trait_boi_horse_breeding_traditions"
"STATE_TABRIZ","PER","1","True","False","110","6","5","99",""
"STATE_TAHITI","PLY","1","True","False","10","1","0","9","state_trait_severe_malaria"
"STATE_TAJIKISTAN","KOK","2","False","False","55","2","0","53",""
"STATE_TALINN","UBD","1","True","False","22","1","0","21",""
"STATE_TAMBOV","RUS","1","True","False","155","4","5","146","state_trait_black_soil"
"STATE_TANGANYIKA","NYM","6","True","False","150","2","0","148","state_trait_malaria state_trait_lake_victoria"
"STATE_TARAPACA","SPU","1","True","False","10","1","0","9","state_trait_andes state_trait_atacama_desert state_trait_cordillera_de_la_costa"
"STATE_TARTARIA","RUS","1","True","True","90","5","3","82","state_trait_volga_river state_trait_western_steppe state_trait_black_soil"
"STATE_TARTU","UBD","1","True","False","18","0","0","18",""
"STATE_TASMANIA","TAS","1","True","False","15","0","0","15","state_trait_tasmanian_rainforest"
"STATE_TAURIDA","RUS","1","True","False","110","23","8","79","state_trait_black_soil state_trait_dnieper_river state_trait_western_steppe"
"STATE_TENASSERIM","BIC","2","False","True","20","2","0","18",""
"STATE_TENNESSEE","USA","1","True","False","180","34","5","141","state_trait_mississippi_river state_trait_american_chestnuts"
"STATE_TEXAS","TEX","3","True","False","500","1","0","499","state_trait_rio_grande_river"
"STATE_THESSALIA","TUR","1","False","False","50","4","0","46",""
"STATE_TIANSHAN","CHI","1","False","True","40","2","0","38","state_trait_taklamakan_desert"
"STATE_TIMBUKTU","ADG","6","True","False","40","0","0","40","state_trait_malaria state_trait_sahel state_trait_niger_river"
"STATE_TOBOLSK","RUS","1","True","True","53","0","3","50","state_trait_western_steppe state_trait_irtysh_river"
"STATE_TOGO","ASH","2","True","False","80","0","0","80","state_trait_malaria"
"STATE_TOHOKU","JAP","1","True","False","80","5","5","70",""
"STATE_TOKAI","JAP","1","True","False","107","12","0","95",""
"STATE_TOMSK","RUS","1","True","True","90","0","3","87","state_trait_western_steppe"
"STATE_TONGA","TNG","1","True","False","5","0","0","5","state_trait_severe_malaria"
"STATE_TONKIN","DAI","2","True","False","60","5","0","55","state_trait_indochinese_forest state_trait_quang_yen_coalfield"
"STATE_TRABZON","TUR","1","True","False","40","4","3","33","state_trait_pontus"
"STATE_TRANS_BAIKAL","RUS","1","True","True","36","0","2","34",""
"STATE_TRANSDANUBIA","HUN","1","True","False","125","7","8","110","state_trait_danube_river state_trait_pannonian_plain"
"STATE_TRANSJORDAN","EGY","1","False","False","5","1","0","4",""
"STATE_TRANSVAAL","MTB","5","True","False","50","5","0","45","state_trait_malaria state_trait_waterberg_coalfield"
"STATE_TRAVANCORE","TRA","3","True","False","120","4","0","116","state_trait_western_ghats"
"STATE_TRIPOLI","TRI","3","True","False","30","2","0","28",""
"STATE_TUCUMAN","ARG","1","True","True","60","0","0","60","state_trait_andes"
"STATE_TUNISIA","TUN","1","True","False","70","3","4","63",""
"STATE_TURKMENIA","TRM","2","True","False","25","2","0","23",""
"STATE_TUSCANY","TUS","1","True","False","60","21","0","39","state_trait_great_terroir"
"STATE_TUVA","CHI","1","False","True","15","0","0","15","state_trait_eastern_steppe"
"STATE_TVER","RUS","1","True","False","68","0","4","64","state_trait_russian_forest state_trait_volga_river"
"STATE_TYROL","AUS","1","True","False","30","1","3","26","state_trait_alps_mountains"
"STATE_UBANGI_SHARI","DAK","2","True","False","40","0","0","40","state_trait_severe_malaria"
"STATE_UFA","RUS","1","True","False","75","0","4","71","state_trait_ural_iron"
"STATE_UGANDA","BUG","4","True","False","100","3","0","97","state_trait_malaria state_trait_lake_victoria"
"STATE_ULIASTAI","CHI","1","False","True","30","3","0","27","state_trait_eastern_steppe state_trait_boi_horse_breeding_traditions"
"STATE_ULSTER","GBR","1","True","True","130","5","2","123",""
"STATE_UMBRIA","PAP","1","True","False","20","3","0","17",""
"STATE_UPPER_ANDALUSIA","SPA","2","True","False","53","5","0","48","state_trait_guadalquivir"
"STATE_UPPER_EGYPT","EGY","1","True","False","40","2","3","35","state_trait_nile_river"
"STATE_UPPER_SILESIA","PRU","1","True","False","45","3","3","39","state_trait_oder_river state_trait_upper_silesia_coalfield"
"STATE_UPPER_YENISEYSK","RUS","1","True","True","10","0","0","10","state_trait_siberian_terrain state_trait_yenisei_river"
"STATE_URAL","RUS","1","True","True","60","0","2","58","state_trait_ural_iron"
"STATE_URALSK","RUS","3","False","False","35","0","0","35","state_trait_western_steppe"
"STATE_URGA","CHI","1","False","True","40","8","0","32","state_trait_eastern_steppe state_trait_boi_horse_breeding_traditions"
"STATE_URMIA","PER","1","True","False","50","1","4","45","state_trait_zagros_mountains"
"STATE_URUGUAY","URU","1","True","False","100","3","8","89","state_trait_uruguay_river state_trait_pampas state_trait_natural_harbors"
"STATE_UTAH","MEX","3","False","True","50","0","0","50","state_trait_wasatch_range"
"STATE_UUSIMAA","FIN","1","True","False","32","1","3","28","state_trait_scandinavian_forests"
"STATE_UZBEKIA","BUK","1","True","False","100","6","5","89",""
"STATE_VALENCIA","SPA","1","True","False","56","11","0","45",""
"STATE_VANUATU","VNT","1","True","False","5","0","0","5","state_trait_severe_malaria"
"STATE_VENETIA","AUS","1","False","False","70","10","0","60","state_trait_po_river state_trait_venetian_lagoon"
"STATE_VERACRUZ","MEX","1","True","False","160","4","5","151","state_trait_sierra_madre_oriental"
"STATE_VERMONT","USA","1","True","False","25","1","3","21","state_trait_american_chestnuts"
"STATE_VICTORIA","NSW","3","True","False","40","1","0","39",""
"STATE_VILNIUS","RUS","1","False","True","31","2","0","29",""
"STATE_VIRGINIA","USA","1","True","False","180","18","5","157","state_trait_appalachian_coal state_trait_american_chestnuts"
"STATE_VISAYAS","PHI","1","True","True","65","4","1","60",""
"STATE_VITEBSK","RUS","1","False","False","55","5","0","50","state_trait_russian_forest"
"STATE_VOLHYNIA","RUS","1","False","False","40","2","0","38",""
"STATE_VOLTA","MOS","2","True","False","100","0","0","100","state_trait_malaria"
"STATE_VRYSTAAT","ORA","3","True","False","40","4","0","36",""
"STATE_VYATKA","RUS","1","True","False","115","0","5","110","state_trait_russian_forest"
"STATE_WADDAI","WAD","3","True","False","40","1","0","39","state_trait_malaria"
"STATE_WALES","GBR","1","True","False","40","2","3","35","state_trait_south_wales_valleys"
"STATE_WALLACHIA","WAL","1","True","False","85","28","4","53","state_trait_danube_river"
"STATE_WALLONIA","LUX","2","True","False","55","9","0","46","state_trait_borinage_coalfield"
"STATE_WASHINGTON","ORG","1","False","False","180","0","0","180","state_trait_columbia_river state_trait_cascades"
"STATE_WEST_AEGEAN_ISLANDS","GRE","1","True","False","5","0","0","5","state_trait_hermoupolis"
"STATE_WEST_BENGAL","BIC","2","False","False","553","44","0","509","state_trait_bengal_delta state_trait_natural_harbors state_trait_raniganj_coalfield"
"STATE_WEST_BORNEO","LAN","5","False","False","22","4","0","18","state_trait_kapuas_river state_trait_borneo_rainforest"
"STATE_WEST_COUNTRY","GBR","1","True","False","60","5","0","55","state_trait_natural_harbors"
"STATE_WEST_GALICIA","AUS","2","False","False","145","4","0","141",""
"STATE_WEST_INDIES","FRA","5","False","True","30","16","0","14","state_trait_volcanic_soil"
"STATE_WEST_JAVA","DEI","1","False","True","110","34","0","76","state_trait_volcanic_soil"
"STATE_WEST_KARELIA","FIN","1","True","False","22","1","0","21","state_trait_scandinavian_forests"
"STATE_WEST_MICRONESIA","MCR","2","True","False","5","0","0","5","state_trait_severe_malaria"
"STATE_WEST_PRUSSIA","PRU","1","True","False","40","3","3","34","state_trait_natural_harbors"
"STATE_WEST_SAHARA","DLM","3","True","False","20","0","0","20","state_trait_sahara_desert"
"STATE_WEST_SWITZERLAND","SWI","1","True","False","50","6","4","40","state_trait_alps_mountains state_trait_rhine_river"
"STATE_WEST_VIRGINIA","USA","1","True","False","50","0","4","46","state_trait_appalachian_coal state_trait_american_chestnuts"
"STATE_WESTERN_AUSTRALIA","WAS","8","True","False","36","0","0","36","state_trait_australian_desert"
"STATE_WESTERN_CUBA","CUB","1","True","False","92","15","1","76","state_trait_havana_harbor state_trait_tierra_roja"
"STATE_WESTERN_HUBEI","CHI","1","True","False","320","16","0","304","state_trait_yangtze_river"
"STATE_WESTERN_MALI","SGU","2","True","False","50","2","0","48","state_trait_malaria state_trait_niger_river"
"STATE_WESTERN_NEW_GUINEA","PPU","2","True","False","40","1","0","39","state_trait_severe_malaria"
"STATE_WESTERN_NORWAY","NOR","1","True","False","20","1","0","19","state_trait_north_sea_fishing state_trait_hardangerfjorden"
"STATE_WESTERN_SERBIA","SER","2","True","False","35","2","0","33","state_trait_danube_river"
"STATE_WESTERN_THRACE","TUR","1","True","False","20","5","0","15",""
"STATE_WESTPHALIA","PRU","3","True","False","60","3","0","57","state_trait_ruhr_coalfield"
"STATE_WINDWARD_COAST","KBD","3","True","False","70","0","0","70","state_trait_malaria"
"STATE_WISCONSIN","USA","1","True","True","180","0","2","178","state_trait_great_lakes"
"STATE_WURTTEMBERG","WUR","2","True","False","70","10","0","60","state_trait_black_forest"
"STATE_WYOMING","USA","6","False","True","160","0","0","160","state_trait_rocky_mountains"
"STATE_XIAN","CHI","1","True","False","250","5","5","240","state_trait_the_loess_plateau"
"STATE_YAKUTSK","RUS","1","True","True","14","0","0","14","state_trait_siberian_terrain"
"STATE_YANGHO","KOR","1","True","False","110","2","5","103","state_trait_honam_plain"
"STATE_YAROSLAVL","RUS","1","True","False","185","0","5","180","state_trait_volga_river state_trait_russian_forest"
"STATE_YEMEN","ZAI","5","True","False","70","7","0","63","state_trait_natural_harbors state_trait_yemeni_highlands"
"STATE_YORKSHIRE","GBR","1","True","False","50","11","6","33","state_trait_south_yorkshire_coalfield"
"STATE_YORUBA_STATES","OYO","1","True","False","100","2","0","98","state_trait_malaria"
"STATE_YUCATAN","MEX","1","True","False","80","1","4","75",""
"STATE_YUKON_TERRITORY","ATB","2","True","False","20","0","0","20","state_trait_northern_canadian_terrain"
"STATE_YUNNAN","CHI","1","True","False","150","20","2","128","state_trait_yangtze_river"
"STATE_ZACATECAS","MEX","1","True","False","80","3","4","73","state_trait_sierra_madre_oriental"
"STATE_ZAMBEZI","MSH","3","True","False","70","0","0","70","state_trait_severe_malaria state_trait_zambezi_river"
"STATE_ZAMBEZIA","POR","5","False","True","70","3","0","67","state_trait_malaria state_trait_zambezi_river"
"STATE_ZAMBIA","LZO","2","True","False","60","0","0","60","state_trait_severe_malaria state_trait_zambezi_river"
"STATE_ZANZIBAR","OMA","1","False","False","70","2","0","68","state_trait_natural_harbors"
"STATE_ZEALAND","DEN","1","True","False","25","7","0","18","state_trait_oresund state_trait_odensefjorden"
"STATE_ZHEJIANG","CHI","1","True","False","250","19","2","229",""
"STATE_ZHILI","CHI","1","True","False","200","4","4","192","state_trait_yellow_river"
"STATE_ZULIA","VNZ","1","True","False","80","3","4","73","state_trait_lake_maracaibo"
"STATE_ZULULAND","ZUL","2","True","False","40","4","0","36","state_trait_malaria"
