STATE_ADANA	EGY	0	1
STATE_ALABAMA	USA	0	1
STATE_ALBANIA	TUR	0	1
STATE_ALGIERS	FRA	0	1
STATE_ALGIERS	MAS	0	1
STATE_ANTIOQUIA	CLM	0	1
STATE_ANTOFAGASTA	BOL	0	1
STATE_AQUITAINE	FRA	0	1
STATE_ARKHANGELSK	RUS	0	1
STATE_ASTURIAS	SPA	0	1
STATE_ATTICA	GRE	0	1
STATE_AYDIN	TUR	0	1
STATE_BAHIA	BRZ	0	1
STATE_BANGKOK	SIA	0	1
STATE_BASQUE_COUNTRY	SPC	0	1
STATE_BASRA	TUR	0	1
STATE_BOMBAY	BIC	1	0
STATE_BRITTANY	FRA	0	1
STATE_BUENOS_AIRES	ARG	0	1
STATE_BULGARIA	TUR	0	1
STATE_BUSAN	KOR	0	1
STATE_CALABRIA	SIC	0	1
STATE_CAMPANIA	SIC	0	1
STATE_CANARY_ISLANDS	SPA	0	1
STATE_CAPE_COLONY	SAF	0	1
STATE_CATALONIA	SPA	0	1
STATE_CEYLON	BCE	0	1
STATE_CHERSON	RUS	0	1
STATE_CIRCARS	BIC	0	1
STATE_CONNECTICUT	USA	0	1
STATE_CORSICA	FRA	0	1
STATE_CRIMEA	RUS	0	1
STATE_CROATIA	CRO	0	1
STATE_DALMATIA	AUS	0	1
STATE_DISTRICT_OF_COLUMBIA	USA	0	1
STATE_DOBRUDJA	TUR	0	1
STATE_EAST_ANGLIA	GBR	1	2
STATE_EAST_BENGAL	BIC	0	1
STATE_EASTERN_NORWAY	NOR	0	1
STATE_EASTERN_THRACE	TUR	0	1
STATE_ECUADOR	ECU	0	1
STATE_ELBE	BRE	0	1
STATE_ELBE	HAM	0	1
STATE_ENTRE_DOURO_E_MINHO	POR	0	1
STATE_ESTREMADURA	POR	0	1
STATE_FARS	PER	0	1
STATE_FEZ	MOR	0	1
STATE_FLANDERS	BEL	2	0
STATE_FORMOSA	CHI	0	1
STATE_FRANCONIA	BAV	2	0
STATE_FRENCH_LOW_COUNTRIES	FRA	0	1
STATE_FRIESLAND	NET	0	1
STATE_GALICIA	SPA	0	1
STATE_GEORGIA	USA	0	1
STATE_GOTALAND	SWE	0	1
STATE_GUANGDONG	CHI	3	0
STATE_GUANGDONG	POR	0	1
STATE_HAITI	HAI	0	1
STATE_HANNOVER	HAN	0	1
STATE_HOLLAND	NET	1	0
STATE_HOME_COUNTIES	GBR	3	1
STATE_HUDAVENDIGAR	TUR	0	1
STATE_ILE_DE_FRANCE	FRA	2	0
STATE_INGRIA	RUS	1	0
STATE_ISTRIA	AUS	1	0
STATE_JUTLAND	DEN	0	1
STATE_KANTO	JAP	0	1
STATE_KAUNAS	RUS	0	1
STATE_KYUSHU	JAP	0	1
STATE_LANCASHIRE	GBR	5	0
STATE_LAZIO	PAP	0	1
STATE_LEINSTER	GBR	0	1
STATE_LIMA	NPU	0	1
STATE_LOUISIANA	USA	0	1
STATE_LOWER_ANDALUSIA	SPA	0	1
STATE_LOWER_EGYPT	EGY	0	1
STATE_LOWLANDS	GBR	2	0
STATE_LUZON	PHI	0	1
STATE_MADRAS	BIC	0	1
STATE_MAINE	USA	0	1
STATE_MALAYA	GBR	0	1
STATE_MALTA	GBR	0	1
STATE_MANITOBA	HBC	0	1
STATE_MARRAKECH	MOR	0	1
STATE_MARYLAND	USA	0	1
STATE_MASSACHUSETTS	USA	0	1
STATE_MAZANDARAN	PER	1	0
STATE_MECKLENBURG	MEC	0	1
STATE_MIDLANDS	GBR	2	2
STATE_MINDANAO	SUL	0	1
STATE_MIRANDA	VNZ	0	1
STATE_MONTENEGRO	AUS	0	1
STATE_MUNSTER	GBR	0	1
STATE_MURCIA	SPA	0	1
STATE_NEW_BRUNSWICK	NBS	0	1
STATE_NEW_BRUNSWICK	NVS	0	1
STATE_NEW_SOUTH_WALES	NSW	0	1
STATE_NEW_YORK	USA	0	1
STATE_NORMANDY	FRA	0	1
STATE_NORTH_ANGOLA	POR	0	1
STATE_NORTH_CAROLINA	USA	0	1
STATE_NORTH_SUMATRA	DEI	0	1
STATE_NORTHERN_TERRITORY	NSW	0	1
STATE_OMAN	OMA	0	1
STATE_PARA	PRA	0	1
STATE_PEGU	BUR	0	1
STATE_PELOPONNESE	GRE	0	1
STATE_PERNAMBUCO	BRZ	0	1
STATE_PIEDMONT	SAR	0	1
STATE_POITOU	FRA	0	1
STATE_POMERANIA	PRU	0	1
STATE_PROVENCE	FRA	0	1
STATE_QUEBEC	QUE	0	1
STATE_RHONE	FRA	2	0
STATE_RIGA	UBD	0	1
STATE_RIO_DE_JANEIRO	BRZ	1	0
STATE_RIO_GRANDE_DO_SUL	PNI	0	1
STATE_SANTIAGO	CHL	0	1
STATE_SANTO_DOMINGO	HAI	0	1
STATE_SARDINIA	SAR	0	1
STATE_SCANIA	SWE	0	1
STATE_SCHLESWIG_HOLSTEIN	LUB	0	1
STATE_SHANDONG	CHI	0	1
STATE_SHAOZHOU	CHI	0	1
STATE_SICILY	SIC	0	1
STATE_SOUTH_AUSTRALIA	SAS	0	1
STATE_SOUTH_CAROLINA	USA	0	1
STATE_SUZHOU	CHI	0	1
STATE_SVEALAND	SWE	0	1
STATE_TALINN	UBD	0	1
STATE_TARTU	UBD	0	1
STATE_TRABZON	TUR	0	1
STATE_TUNISIA	TUN	0	1
STATE_TUSCANY	TUS	0	1
STATE_ULSTER	GBR	0	1
STATE_UPPER_ANDALUSIA	GBR	0	1
STATE_UUSIMAA	FIN	0	1
STATE_VALENCIA	SPA	0	1
STATE_VENETIA	AUS	0	1
STATE_VERACRUZ	MEX	0	1
STATE_VICTORIA	NSW	0	1
STATE_VIRGINIA	USA	0	1
STATE_WALLONIA	BEL	2	0
STATE_WEST_BENGAL	BIC	1	1
STATE_WEST_COUNTRY	GBR	1	0
STATE_WEST_JAVA	DEI	0	1
STATE_WEST_KARELIA	FIN	0	1
STATE_WEST_PRUSSIA	PRU	0	1
STATE_WESTERN_AUSTRALIA	WAS	0	1
STATE_WESTERN_CUBA	CUB	0	1
STATE_WESTERN_NORWAY	NOR	0	1
STATE_WESTERN_THRACE	TUR	0	1
STATE_YORKSHIRE	GBR	6	0
STATE_ZANZIBAR	OMA	0	1
STATE_ZEALAND	DEN	0	1
