"State","Owner","VanillaPortLevels","VanillaRailLevels","VanillaPortInfrastructure","VanillaRailInfrastructure","VanillaTransportInfrastructure","CurrentPublicWorksLevels","CurrentHarbourWorksLevels","CurrentModInfrastructure","PublicWorksLevelsToMatchVanillaWithCurrentHarbour","PublicWorksLevelsToMatchVanillaWithoutHarbour","CurrentInfrastructureSurplus","PlannedPublicWorksLevels","PlannedHarbourWorksLevels","PlannedModInfrastructure","PlannedInfrastructureExcess"
"STATE_ABRUZZO","SIC","0","0","0","0","0","0","0","0","0","0","0","0","0","0","0"
"STATE_ABU_DHABI","ABU","1","0","0","0","0","0","0","0","0","0","0","0","0","0","0"
"STATE_ABU_DHABI","BHN","0","0","0","0","0","0","0","0","0","0","0","0","0","0","0"
"STATE_ABU_DHABI","OMA","1","0","0","0","0","0","0","0","0","0","0","0","0","0","0"
"STATE_ACEH","ACE","1","0","0","0","0","0","0","0","0","0","0","0","0","0","0"
"STATE_ACEH","DEI","0","0","0","0","0","0","0","0","0","0","0","0","0","0","0"
"STATE_ACEH","SAK","0","0","0","0","0","0","0","0","0","0","0","0","0","0","0"
"STATE_ACRE","BOL","0","0","0","0","0","0","0","0","0","0","0","0","0","0","0"
"STATE_ADANA","EGY","2","0","6","0","6","0","1","10","0","1","4","0","1","10","4"
"STATE_ADANA","TUR","0","0","0","0","0","0","0","0","0","0","0","0","0","0","0"
"STATE_AGRA","BIC","0","0","0","0","0","0","0","0","0","0","0","0","0","0","0"
"STATE_AGRA","GAR","0","0","0","0","0","0","0","0","0","0","0","0","0","0","0"
"STATE_AKMOLINSK","OZH","0","0","0","0","0","0","0","0","0","0","0","0","0","0","0"
"STATE_AKMOLINSK","RUS","0","0","0","0","0","0","0","0","0","0","0","0","0","0","0"
"STATE_AKTOBE","KZH","0","0","0","0","0","0","0","0","0","0","0","0","0","0","0"
"STATE_AL_RIF","MOR","0","0","0","0","0","0","0","0","0","0","0","0","0","0","0"
"STATE_AL_RIF","SPA","1","0","0","0","0","0","0","0","0","0","0","0","0","0","0"
"STATE_ALABAMA","USA","1","0","3","0","3","0","1","10","0","1","7","0","1","10","7"
"STATE_ALAND","FIN","0","0","0","0","0","0","0","0","0","0","0","0","0","0","0"
"STATE_ALASKA","ALK","1","0","0","0","0","0","0","0","0","0","0","0","0","0","0"
"STATE_ALASKA","ATB","0","0","0","0","0","0","0","0","0","0","0","0","0","0","0"
"STATE_ALBANIA","TUR","1","0","3","0","3","0","1","10","0","1","7","0","1","10","7"
"STATE_ALBERTA","BLF","0","0","0","0","0","0","0","0","0","0","0","0","0","0","0"
"STATE_ALBERTA","HBC","0","0","0","0","0","0","0","0","0","0","0","0","0","0","0"
"STATE_ALBERTA","IRC","0","0","0","0","0","0","0","0","0","0","0","0","0","0","0"
"STATE_ALENTEJO","POR","0","0","0","0","0","0","0","0","0","0","0","0","0","0","0"
"STATE_ALEPPO","EGY","1","0","0","0","0","0","0","0","0","0","0","0","0","0","0"
"STATE_ALGIERS","FRA","1","0","3","0","3","0","1","10","0","1","7","0","1","10","7"
"STATE_ALGIERS","MAS","1","0","3","0","3","0","1","10","0","1","7","0","1","10","7"
"STATE_ALSACE_LORRAINE","FRA","0","0","0","0","0","0","0","0","0","0","0","0","0","0","0"
"STATE_ALTAI","CHI","0","0","0","0","0","0","0","0","0","0","0","0","0","0","0"
"STATE_ALTO_PARAGUAY","GNI","0","0","0","0","0","0","0","0","0","0","0","0","0","0","0"
"STATE_ALXA","CHI","0","0","0","0","0","0","0","0","0","0","0","0","0","0","0"
"STATE_AMAZONAS","BOL","0","0","0","0","0","0","0","0","0","0","0","0","0","0","0"
"STATE_AMAZONAS","CLM","0","0","0","0","0","0","0","0","0","0","0","0","0","0","0"
"STATE_AMAZONAS","PRA","0","0","0","0","0","0","0","0","0","0","0","0","0","0","0"
"STATE_AMHARA","ANU","0","0","0","0","0","0","0","0","0","0","0","0","0","0","0"
"STATE_AMHARA","BRN","0","0","0","0","0","0","0","0","0","0","0","0","0","0","0"
"STATE_AMHARA","HDY","0","0","0","0","0","0","0","0","0","0","0","0","0","0","0"
"STATE_AMHARA","KFA","0","0","0","0","0","0","0","0","0","0","0","0","0","0","0"
"STATE_AMHARA","OMO","0","0","0","0","0","0","0","0","0","0","0","0","0","0","0"
"STATE_AMHARA","SDM","0","0","0","0","0","0","0","0","0","0","0","0","0","0","0"
"STATE_AMHARA","WLG","0","0","0","0","0","0","0","0","0","0","0","0","0","0","0"
"STATE_AMHARA","WLT","0","0","0","0","0","0","0","0","0","0","0","0","0","0","0"
"STATE_AMUR","CHI","0","0","0","0","0","0","0","0","0","0","0","0","0","0","0"
"STATE_ANHALT","ANH","0","0","0","0","0","0","0","0","0","0","0","0","0","0","0"
"STATE_ANHALT","PRU","0","0","0","0","0","0","0","0","0","0","0","0","0","0","0"
"STATE_ANKARA","TUR","0","0","0","0","0","0","0","0","0","0","0","0","0","0","0"
"STATE_ANNAM","DAI","1","0","0","0","0","0","0","0","0","0","0","0","0","0","0"
"STATE_ANTIOQUIA","CLM","1","0","3","0","3","0","1","10","0","1","7","0","1","10","7"
"STATE_ANTOFAGASTA","BOL","1","0","3","0","3","0","1","10","0","1","7","0","1","10","7"
"STATE_APULIA","SIC","0","0","0","0","0","0","0","0","0","0","0","0","0","0","0"
"STATE_AQUITAINE","FRA","1","0","3","0","3","0","1","10","0","1","7","0","1","10","7"
"STATE_ARAGON","SPA","0","0","0","0","0","0","0","0","0","0","0","0","0","0","0"
"STATE_ARAGON","SPC","0","0","0","0","0","0","0","0","0","0","0","0","0","0","0"
"STATE_ARAKAN","BIC","0","0","0","0","0","0","0","0","0","0","0","0","0","0","0"
"STATE_ARAKAN","KKI","0","0","0","0","0","0","0","0","0","0","0","0","0","0","0"
"STATE_ARAUCANIA","CHL","0","0","0","0","0","0","0","0","0","0","0","0","0","0","0"
"STATE_ARAUCANIA","SLK","0","0","0","0","0","0","0","0","0","0","0","0","0","0","0"
"STATE_ARAUCANIA","THL","0","0","0","0","0","0","0","0","0","0","0","0","0","0","0"
"STATE_AREQUIPA","SPU","0","0","0","0","0","0","0","0","0","0","0","0","0","0","0"
"STATE_ARIZONA","APC","0","0","0","0","0","0","0","0","0","0","0","0","0","0","0"
"STATE_ARIZONA","MEX","0","0","0","0","0","0","0","0","0","0","0","0","0","0","0"
"STATE_ARIZONA","NVJ","0","0","0","0","0","0","0","0","0","0","0","0","0","0","0"
"STATE_ARKANSAS","USA","0","0","0","0","0","0","0","0","0","0","0","0","0","0","0"
"STATE_ARKHANGELSK","RUS","1","0","3","0","3","0","1","10","0","1","7","0","1","10","7"
"STATE_ARMENIA","RUS","0","0","0","0","0","0","0","0","0","0","0","0","0","0","0"
"STATE_ASSAM","ASM","0","0","0","0","0","0","0","0","0","0","0","0","0","0","0"
"STATE_ASSAM","BIC","0","0","0","0","0","0","0","0","0","0","0","0","0","0","0"
"STATE_ASSAM","KKI","0","0","0","0","0","0","0","0","0","0","0","0","0","0","0"
"STATE_ASSAM","MGH","0","0","0","0","0","0","0","0","0","0","0","0","0","0","0"
"STATE_ASSAM","MNP","0","0","0","0","0","0","0","0","0","0","0","0","0","0","0"
"STATE_ASSAM","NGA","0","0","0","0","0","0","0","0","0","0","0","0","0","0","0"
"STATE_ASSAM","TIP","0","0","0","0","0","0","0","0","0","0","0","0","0","0","0"
"STATE_ASTRAKHAN","RUS","0","0","0","0","0","0","0","0","0","0","0","0","0","0","0"
"STATE_ASTURIAS","SPA","1","0","3","0","3","0","1","10","0","1","7","0","1","10","7"
"STATE_ATTICA","GRE","1","0","3","0","3","0","1","10","0","1","7","0","1","10","7"
"STATE_AUSTRIA","AUS","0","0","0","0","0","0","0","0","0","0","0","0","0","0","0"
"STATE_AUVERGNE_LIMOUSIN","FRA","0","0","0","0","0","0","0","0","0","0","0","0","0","0","0"
"STATE_AWADH","AWA","0","0","0","0","0","0","0","0","0","0","0","0","0","0","0"
"STATE_AWADH","BIC","0","0","0","0","0","0","0","0","0","0","0","0","0","0","0"
"STATE_AYDIN","TUR","2","0","6","0","6","0","1","10","0","1","4","0","1","10","4"
"STATE_AZERBAIJAN","RUS","0","0","0","0","0","0","0","0","0","0","0","0","0","0","0"
"STATE_AZORES","POR","1","0","0","0","0","0","0","0","0","0","0","0","0","0","0"
"STATE_BADEN","BAD","0","0","0","0","0","0","0","0","0","0","0","0","0","0","0"
"STATE_BAGHDAD","TUR","0","0","0","0","0","0","0","0","0","0","0","0","0","0","0"
"STATE_BAHAMAS","GBR","1","0","0","0","0","0","0","0","0","0","0","0","0","0","0"
"STATE_BAHIA","BRZ","2","0","6","0","6","0","1","10","0","1","4","0","1","10","4"
"STATE_BAJA_CALIFORNIA","MEX","0","0","0","0","0","0","0","0","0","0","0","0","0","0","0"
"STATE_BAJIO","MEX","0","0","0","0","0","0","0","0","0","0","0","0","0","0","0"
"STATE_BAJO_PARAGUAY","PRG","0","0","0","0","0","0","0","0","0","0","0","0","0","0","0"
"STATE_BALEARIC_ISLANDS","SPA","1","0","0","0","0","0","0","0","0","0","0","0","0","0","0"
"STATE_BALKH","BUK","0","0","0","0","0","0","0","0","0","0","0","0","0","0","0"
"STATE_BALKH","KUN","0","0","0","0","0","0","0","0","0","0","0","0","0","0","0"
"STATE_BALKH","MAI","0","0","0","0","0","0","0","0","0","0","0","0","0","0","0"
"STATE_BALUCHISTAN","KAL","0","0","0","0","0","0","0","0","0","0","0","0","0","0","0"
"STATE_BALUCHISTAN","KAN","0","0","0","0","0","0","0","0","0","0","0","0","0","0","0"
"STATE_BALUCHISTAN","MAK","0","0","0","0","0","0","0","0","0","0","0","0","0","0","0"
"STATE_BALUCHISTAN","OMA","1","0","0","0","0","0","0","0","0","0","0","0","0","0","0"
"STATE_BANAT","HUN","0","0","0","0","0","0","0","0","0","0","0","0","0","0","0"
"STATE_BANGKOK","SIA","3","0","9","0","9","0","1","10","0","1","1","0","1","10","1"
"STATE_BAS_CONGO","KON","0","0","0","0","0","0","0","0","0","0","0","0","0","0","0"
"STATE_BAS_CONGO","YKA","0","0","0","0","0","0","0","0","0","0","0","0","0","0","0"
"STATE_BASQUE_COUNTRY","SPC","1","0","3","0","3","0","1","10","0","1","7","0","1","10","7"
"STATE_BASRA","TUR","1","0","3","0","3","0","1","10","0","1","7","0","1","10","7"
"STATE_BAVARIA","BAV","0","0","0","0","0","0","0","0","0","0","0","0","0","0","0"
"STATE_BEIJING","CHI","0","0","0","0","0","0","0","0","0","0","0","0","0","0","0"
"STATE_BEIRA","POR","0","0","0","0","0","0","0","0","0","0","0","0","0","0","0"
"STATE_BEKES","HUN","0","0","0","0","0","0","0","0","0","0","0","0","0","0","0"
"STATE_BENIN","BEN","0","0","0","0","0","0","0","0","0","0","0","0","0","0","0"
"STATE_BERMUDA","GBR","1","0","0","0","0","0","0","0","0","0","0","0","0","0","0"
"STATE_BESSARABIA","RUS","0","0","0","0","0","0","0","0","0","0","0","0","0","0","0"
"STATE_BIHAR","BIC","0","0","0","0","0","0","0","0","0","0","0","0","0","0","0"
"STATE_BLUE_NILE","EGY","0","0","0","0","0","0","0","0","0","0","0","0","0","0","0"
"STATE_BOHEMIA","AUS","0","0","0","0","0","0","0","0","0","0","0","0","0","0","0"
"STATE_BOLIVAR","VNZ","0","0","0","0","0","0","0","0","0","0","0","0","0","0","0"
"STATE_BOMBAY","BIC","4","0","12","0","12","1","0","15","1","1","3","1","0","15","3"
"STATE_BOMBAY","KHP","0","0","0","0","0","0","0","0","0","0","0","0","0","0","0"
"STATE_BOMBAY","POR","1","0","0","0","0","0","0","0","0","0","0","0","0","0","0"
"STATE_BOMBAY","SAT","0","0","0","0","0","0","0","0","0","0","0","0","0","0","0"
"STATE_BORNU","BOR","0","0","0","0","0","0","0","0","0","0","0","0","0","0","0"
"STATE_BOSNIA","TUR","0","0","0","0","0","0","0","0","0","0","0","0","0","0","0"
"STATE_BOTSWANA","LZO","0","0","0","0","0","0","0","0","0","0","0","0","0","0","0"
"STATE_BOTSWANA","SAN","0","0","0","0","0","0","0","0","0","0","0","0","0","0","0"
"STATE_BOTSWANA","TSW","0","0","0","0","0","0","0","0","0","0","0","0","0","0","0"
"STATE_BOUGAINVILLE","HLA","0","0","0","0","0","0","0","0","0","0","0","0","0","0","0"
"STATE_BRANDENBURG","PRU","0","0","0","0","0","0","0","0","0","0","0","0","0","0","0"
"STATE_BREST","RUS","0","0","0","0","0","0","0","0","0","0","0","0","0","0","0"
"STATE_BRITISH_COLUMBIA","ATB","0","0","0","0","0","0","0","0","0","0","0","0","0","0","0"
"STATE_BRITISH_COLUMBIA","HBC","0","0","0","0","0","0","0","0","0","0","0","0","0","0","0"
"STATE_BRITISH_COLUMBIA","ORG","0","0","0","0","0","0","0","0","0","0","0","0","0","0","0"
"STATE_BRITTANY","FRA","2","0","6","0","6","0","1","10","0","1","4","0","1","10","4"
"STATE_BRUNSWICK","BRA","0","0","0","0","0","0","0","0","0","0","0","0","0","0","0"
"STATE_BRUNSWICK","HAN","0","0","0","0","0","0","0","0","0","0","0","0","0","0","0"
"STATE_BRUNSWICK","PRU","0","0","0","0","0","0","0","0","0","0","0","0","0","0","0"
"STATE_BUENOS_AIRES","ARG","1","0","3","0","3","0","1","10","0","1","7","0","1","10","7"
"STATE_BUENOS_AIRES","PAT","0","0","0","0","0","0","0","0","0","0","0","0","0","0","0"
"STATE_BUKOVINA","AUS","0","0","0","0","0","0","0","0","0","0","0","0","0","0","0"
"STATE_BULGARIA","TUR","1","0","3","0","3","0","1","10","0","1","7","0","1","10","7"
"STATE_BUNDELKHAND","BAG","0","0","0","0","0","0","0","0","0","0","0","0","0","0","0"
"STATE_BUNDELKHAND","BUN","0","0","0","0","0","0","0","0","0","0","0","0","0","0","0"
"STATE_BUNDELKHAND","JHN","0","0","0","0","0","0","0","0","0","0","0","0","0","0","0"
"STATE_BUNDELKHAND","SUR","0","0","0","0","0","0","0","0","0","0","0","0","0","0","0"
"STATE_BURGUNDY","FRA","0","0","0","0","0","0","0","0","0","0","0","0","0","0","0"
"STATE_BURYATIA","RUS","0","0","0","0","0","0","0","0","0","0","0","0","0","0","0"
"STATE_BUSAN","KOR","1","0","3","0","3","0","1","10","0","1","7","0","1","10","7"
"STATE_CAJAMARCA","NPU","0","0","0","0","0","0","0","0","0","0","0","0","0","0","0"
"STATE_CALABRIA","SIC","1","0","3","0","3","0","1","10","0","1","7","0","1","10","7"
"STATE_CALIFORNIA","MEX","0","0","0","0","0","0","0","0","0","0","0","0","0","0","0"
"STATE_CAMBODIA","CAM","0","0","0","0","0","0","0","0","0","0","0","0","0","0","0"
"STATE_CAMBODIA","KLO","0","0","0","0","0","0","0","0","0","0","0","0","0","0","0"
"STATE_CAMBODIA","SIA","0","0","0","0","0","0","0","0","0","0","0","0","0","0","0"
"STATE_CAMPANIA","SIC","3","0","9","0","9","0","1","10","0","1","1","0","1","10","1"
"STATE_CANARY_ISLANDS","SPA","1","0","3","0","3","0","1","10","0","1","7","0","1","10","7"
"STATE_CAPE_COLONY","NAM","0","0","0","0","0","0","0","0","0","0","0","0","0","0","0"
"STATE_CAPE_COLONY","SAF","1","0","3","0","3","0","1","10","0","1","7","0","1","10","7"
"STATE_CAPE_VERDE","POR","1","0","0","0","0","0","0","0","0","0","0","0","0","0","0"
"STATE_CATALONIA","SPA","2","0","6","0","6","0","1","10","0","1","4","0","1","10","4"
"STATE_CATALONIA","SPC","0","0","0","0","0","0","0","0","0","0","0","0","0","0","0"
"STATE_CAUCA","CLM","0","0","0","0","0","0","0","0","0","0","0","0","0","0","0"
"STATE_CEARA","BRZ","0","0","0","0","0","0","0","0","0","0","0","0","0","0","0"
"STATE_CELEBES","BTN","0","0","0","0","0","0","0","0","0","0","0","0","0","0","0"
"STATE_CELEBES","DEI","1","0","0","0","0","0","0","0","0","0","0","0","0","0","0"
"STATE_CELEBES","SLW","0","0","0","0","0","0","0","0","0","0","0","0","0","0","0"
"STATE_CELEBES","TID","0","0","0","0","0","0","0","0","0","0","0","0","0","0","0"
"STATE_CENTRAL_CUBA","CUB","0","0","0","0","0","0","0","0","0","0","0","0","0","0","0"
"STATE_CENTRAL_HIGHLANDS","HER","0","0","0","0","0","0","0","0","0","0","0","0","0","0","0"
"STATE_CENTRAL_HIGHLANDS","KAB","0","0","0","0","0","0","0","0","0","0","0","0","0","0","0"
"STATE_CENTRAL_HIGHLANDS","KAN","0","0","0","0","0","0","0","0","0","0","0","0","0","0","0"
"STATE_CENTRAL_HUNGARY","HUN","0","0","0","0","0","0","0","0","0","0","0","0","0","0","0"
"STATE_CENTRAL_JAVA","DEI","0","0","0","0","0","0","0","0","0","0","0","0","0","0","0"
"STATE_CENTRAL_JAVA","SRK","0","0","0","0","0","0","0","0","0","0","0","0","0","0","0"
"STATE_CENTRAL_JAVA","YOG","0","0","0","0","0","0","0","0","0","0","0","0","0","0","0"
"STATE_CENTRAL_PROVINCES","BAS","0","0","0","0","0","0","0","0","0","0","0","0","0","0","0"
"STATE_CENTRAL_PROVINCES","BIC","0","0","0","0","0","0","0","0","0","0","0","0","0","0","0"
"STATE_CENTRAL_PROVINCES","HYD","0","0","0","0","0","0","0","0","0","0","0","0","0","0","0"
"STATE_CENTRAL_PROVINCES","NAG","0","0","0","0","0","0","0","0","0","0","0","0","0","0","0"
"STATE_CEYLON","BCE","1","0","3","0","3","0","1","10","0","1","7","0","1","10","7"
"STATE_CEYLON","GBR","1","0","0","0","0","0","0","0","0","0","0","0","0","0","0"
"STATE_CEYLON","MLD","0","0","0","0","0","0","0","0","0","0","0","0","0","0","0"
"STATE_CHACO","ARG","0","0","0","0","0","0","0","0","0","0","0","0","0","0","0"
"STATE_CHACO","GNI","0","0","0","0","0","0","0","0","0","0","0","0","0","0","0"
"STATE_CHAD","BOR","0","0","0","0","0","0","0","0","0","0","0","0","0","0","0"
"STATE_CHAD","TBI","0","0","0","0","0","0","0","0","0","0","0","0","0","0","0"
"STATE_CHAD","WAD","0","0","0","0","0","0","0","0","0","0","0","0","0","0","0"
"STATE_CHAMPAGNE","FRA","0","0","0","0","0","0","0","0","0","0","0","0","0","0","0"
"STATE_CHELYABINSK","KZH","0","0","0","0","0","0","0","0","0","0","0","0","0","0","0"
"STATE_CHELYABINSK","OZH","0","0","0","0","0","0","0","0","0","0","0","0","0","0","0"
"STATE_CHELYABINSK","RUS","0","0","0","0","0","0","0","0","0","0","0","0","0","0","0"
"STATE_CHERNIHIV","RUS","0","0","0","0","0","0","0","0","0","0","0","0","0","0","0"
"STATE_CHERSON","RUS","2","0","6","0","6","0","1","10","0","1","4","0","1","10","4"
"STATE_CHIANG_MAI","CMI","0","0","0","0","0","0","0","0","0","0","0","0","0","0","0"
"STATE_CHIAPAS","MEX","0","0","0","0","0","0","0","0","0","0","0","0","0","0","0"
"STATE_CHIAPAS","UCA","0","0","0","0","0","0","0","0","0","0","0","0","0","0","0"
"STATE_CHIHUAHUA","MEX","0","0","0","0","0","0","0","0","0","0","0","0","0","0","0"
"STATE_CHONGQING","CHI","0","0","0","0","0","0","0","0","0","0","0","0","0","0","0"
"STATE_CHUGOKU","JAP","0","0","0","0","0","0","0","0","0","0","0","0","0","0","0"
"STATE_CHUKOTKA","RUS","0","0","0","0","0","0","0","0","0","0","0","0","0","0","0"
"STATE_CHUVASHIA","RUS","0","0","0","0","0","0","0","0","0","0","0","0","0","0","0"
"STATE_CIRCARS","BIC","1","0","3","0","3","0","1","10","0","1","7","0","1","10","7"
"STATE_CIRCARS","JEY","0","0","0","0","0","0","0","0","0","0","0","0","0","0","0"
"STATE_COLORADO","ARP","0","0","0","0","0","0","0","0","0","0","0","0","0","0","0"
"STATE_COLORADO","MEX","0","0","0","0","0","0","0","0","0","0","0","0","0","0","0"
"STATE_COLORADO","USA","0","0","0","0","0","0","0","0","0","0","0","0","0","0","0"
"STATE_COLORADO","UTE","0","0","0","0","0","0","0","0","0","0","0","0","0","0","0"
"STATE_CONGO","BOB","0","0","0","0","0","0","0","0","0","0","0","0","0","0","0"
"STATE_CONGO","LNG","0","0","0","0","0","0","0","0","0","0","0","0","0","0","0"
"STATE_CONGO","TKE","0","0","0","0","0","0","0","0","0","0","0","0","0","0","0"
"STATE_CONGO_ORIENTALE","HMB","0","0","0","0","0","0","0","0","0","0","0","0","0","0","0"
"STATE_CONGO_ORIENTALE","LBA","0","0","0","0","0","0","0","0","0","0","0","0","0","0","0"
"STATE_CONGO_ORIENTALE","LGA","0","0","0","0","0","0","0","0","0","0","0","0","0","0","0"
"STATE_CONGO_ORIENTALE","MNB","0","0","0","0","0","0","0","0","0","0","0","0","0","0","0"
"STATE_CONGO_ORIENTALE","ZND","0","0","0","0","0","0","0","0","0","0","0","0","0","0","0"
"STATE_CONNAUGHT","GBR","0","0","0","0","0","0","0","0","0","0","0","0","0","0","0"
"STATE_CONNECTICUT","USA","1","0","3","0","3","0","1","10","0","1","7","0","1","10","7"
"STATE_CONSTANTINE","AIT","0","0","0","0","0","0","0","0","0","0","0","0","0","0","0"
"STATE_CONSTANTINE","CON","0","0","0","0","0","0","0","0","0","0","0","0","0","0","0"
"STATE_CONSTANTINE","FRA","1","0","0","0","0","0","0","0","0","0","0","0","0","0","0"
"STATE_CORRIENTES","ARG","0","0","0","0","0","0","0","0","0","0","0","0","0","0","0"
"STATE_CORSICA","FRA","1","0","3","0","3","0","1","10","0","1","7","0","1","10","7"
"STATE_COSTA_RICA","UCA","0","0","0","0","0","0","0","0","0","0","0","0","0","0","0"
"STATE_COURLAND","UBD","0","0","0","0","0","0","0","0","0","0","0","0","0","0","0"
"STATE_CRETE","EGY","1","0","0","0","0","0","0","0","0","0","0","0","0","0","0"
"STATE_CRIMEA","RUS","1","0","3","0","3","0","1","10","0","1","7","0","1","10","7"
"STATE_CROATIA","CRO","1","0","3","0","3","0","1","10","0","1","7","0","1","10","7"
"STATE_CUNDINAMARCA","CLM","0","0","0","0","0","0","0","0","0","0","0","0","0","0","0"
"STATE_CYPRUS","TUR","1","0","0","0","0","0","0","0","0","0","0","0","0","0","0"
"STATE_DAGESTAN","CHC","0","0","0","0","0","0","0","0","0","0","0","0","0","0","0"
"STATE_DAGESTAN","RUS","0","0","0","0","0","0","0","0","0","0","0","0","0","0","0"
"STATE_DAHOMEY","BRG","0","0","0","0","0","0","0","0","0","0","0","0","0","0","0"
"STATE_DAHOMEY","DAH","0","0","0","0","0","0","0","0","0","0","0","0","0","0","0"
"STATE_DALMATIA","AUS","1","0","3","0","3","0","1","10","0","1","7","0","1","10","7"
"STATE_DARFUR","DFR","0","0","0","0","0","0","0","0","0","0","0","0","0","0","0"
"STATE_DEIR_EZ_ZOR","TUR","0","0","0","0","0","0","0","0","0","0","0","0","0","0","0"
"STATE_DELAWARE","USA","0","0","0","0","0","0","0","0","0","0","0","0","0","0","0"
"STATE_DELHI","BIC","0","0","0","0","0","0","0","0","0","0","0","0","0","0","0"
"STATE_DELHI","MUG","0","0","0","0","0","0","0","0","0","0","0","0","0","0","0"
"STATE_DELHI","PTA","0","0","0","0","0","0","0","0","0","0","0","0","0","0","0"
"STATE_DELVIDEK","HUN","0","0","0","0","0","0","0","0","0","0","0","0","0","0","0"
"STATE_DISTRICT_OF_COLUMBIA","USA","1","0","3","0","3","0","1","10","0","1","7","0","1","10","7"
"STATE_DIYARBAKIR","TUR","0","0","0","0","0","0","0","0","0","0","0","0","0","0","0"
"STATE_DOBRUDJA","RUS","0","0","0","0","0","0","0","0","0","0","0","0","0","0","0"
"STATE_DOBRUDJA","TUR","1","0","3","0","3","0","1","10","0","1","7","0","1","10","7"
"STATE_DONGOLA","EGY","0","0","0","0","0","0","0","0","0","0","0","0","0","0","0"
"STATE_DURANGO","MEX","0","0","0","0","0","0","0","0","0","0","0","0","0","0","0"
"STATE_DZUNGARIA","CHI","0","0","0","0","0","0","0","0","0","0","0","0","0","0","0"
"STATE_EAST_AEGEAN_ISLANDS","TUR","0","0","0","0","0","0","0","0","0","0","0","0","0","0","0"
"STATE_EAST_ANGLIA","GBR","4","1","12","20","32","1","2","35","1","3","3","1","2","35","3"
"STATE_EAST_ANGOLA","CHK","0","0","0","0","0","0","0","0","0","0","0","0","0","0","0"
"STATE_EAST_ANGOLA","KSN","0","0","0","0","0","0","0","0","0","0","0","0","0","0","0"
"STATE_EAST_ANGOLA","LND","0","0","0","0","0","0","0","0","0","0","0","0","0","0","0"
"STATE_EAST_ANGOLA","LZO","0","0","0","0","0","0","0","0","0","0","0","0","0","0","0"
"STATE_EAST_BENGAL","BIC","1","0","3","0","3","0","1","10","0","1","7","0","1","10","7"
"STATE_EAST_BORNEO","BLG","0","0","0","0","0","0","0","0","0","0","0","0","0","0","0"
"STATE_EAST_BORNEO","BNJ","0","0","0","0","0","0","0","0","0","0","0","0","0","0","0"
"STATE_EAST_BORNEO","DEI","1","0","0","0","0","0","0","0","0","0","0","0","0","0","0"
"STATE_EAST_BORNEO","KTI","0","0","0","0","0","0","0","0","0","0","0","0","0","0","0"
"STATE_EAST_GALICIA","AUS","0","0","0","0","0","0","0","0","0","0","0","0","0","0","0"
"STATE_EAST_HAUSALAND","SOK","0","0","0","0","0","0","0","0","0","0","0","0","0","0","0"
"STATE_EAST_JAVA","DEI","0","0","0","0","0","0","0","0","0","0","0","0","0","0","0"
"STATE_EAST_KARELIA","RUS","0","0","0","0","0","0","0","0","0","0","0","0","0","0","0"
"STATE_EAST_MICRONESIA","MCR","0","0","0","0","0","0","0","0","0","0","0","0","0","0","0"
"STATE_EAST_PRUSSIA","PRU","0","0","0","0","0","0","0","0","0","0","0","0","0","0","0"
"STATE_EAST_SAHARA","ADG","0","0","0","0","0","0","0","0","0","0","0","0","0","0","0"
"STATE_EAST_SAHARA","AHG","0","0","0","0","0","0","0","0","0","0","0","0","0","0","0"
"STATE_EAST_SAHARA","AJJ","0","0","0","0","0","0","0","0","0","0","0","0","0","0","0"
"STATE_EAST_SAHARA","CMB","0","0","0","0","0","0","0","0","0","0","0","0","0","0","0"
"STATE_EAST_SAHARA","TUG","0","0","0","0","0","0","0","0","0","0","0","0","0","0","0"
"STATE_EAST_SWITZERLAND","SWI","0","0","0","0","0","0","0","0","0","0","0","0","0","0","0"
"STATE_EASTERN_CAPE","SAF","0","0","0","0","0","0","0","0","0","0","0","0","0","0","0"
"STATE_EASTERN_CAPE","XHO","0","0","0","0","0","0","0","0","0","0","0","0","0","0","0"
"STATE_EASTERN_CUBA","CUB","0","0","0","0","0","0","0","0","0","0","0","0","0","0","0"
"STATE_EASTERN_HIMALAYAS","BHU","0","0","0","0","0","0","0","0","0","0","0","0","0","0","0"
"STATE_EASTERN_HIMALAYAS","SIK","0","0","0","0","0","0","0","0","0","0","0","0","0","0","0"
"STATE_EASTERN_HIMALAYAS","TIB","0","0","0","0","0","0","0","0","0","0","0","0","0","0","0"
"STATE_EASTERN_HUBEI","CHI","0","0","0","0","0","0","0","0","0","0","0","0","0","0","0"
"STATE_EASTERN_MALI","MSN","0","0","0","0","0","0","0","0","0","0","0","0","0","0","0"
"STATE_EASTERN_NEW_GUINEA","PPU","0","0","0","0","0","0","0","0","0","0","0","0","0","0","0"
"STATE_EASTERN_NORWAY","NOR","2","0","6","0","6","0","1","10","0","1","4","0","1","10","4"
"STATE_EASTERN_SERBIA","SER","0","0","0","0","0","0","0","0","0","0","0","0","0","0","0"
"STATE_EASTERN_SERBIA","TUR","0","0","0","0","0","0","0","0","0","0","0","0","0","0","0"
"STATE_EASTERN_THRACE","TUR","3","0","9","0","9","0","1","10","0","1","1","0","1","10","1"
"STATE_ECUADOR","ECU","1","0","3","0","3","0","1","10","0","1","7","0","1","10","7"
"STATE_EGYPTIAN_DESERT","EGY","0","0","0","0","0","0","0","0","0","0","0","0","0","0","0"
"STATE_ELBE","BRE","1","0","3","0","3","0","1","10","0","1","7","0","1","10","7"
"STATE_ELBE","HAM","1","0","3","0","3","0","1","10","0","1","7","0","1","10","7"
"STATE_ELBE","HAN","0","0","0","0","0","0","0","0","0","0","0","0","0","0","0"
"STATE_ELIZAVETPOL","RUS","0","0","0","0","0","0","0","0","0","0","0","0","0","0","0"
"STATE_EMILIA","LUC","1","0","0","0","0","0","0","0","0","0","0","0","0","0","0"
"STATE_EMILIA","MOD","0","0","0","0","0","0","0","0","0","0","0","0","0","0","0"
"STATE_EMILIA","PAR","0","0","0","0","0","0","0","0","0","0","0","0","0","0","0"
"STATE_ENTRE_DOURO_E_MINHO","POR","1","0","3","0","3","0","1","10","0","1","7","0","1","10","7"
"STATE_EQUATEUR","BNG","0","0","0","0","0","0","0","0","0","0","0","0","0","0","0"
"STATE_EQUATEUR","BOB","0","0","0","0","0","0","0","0","0","0","0","0","0","0","0"
"STATE_EQUATORIA","DFT","0","0","0","0","0","0","0","0","0","0","0","0","0","0","0"
"STATE_EQUATORIA","DNK","0","0","0","0","0","0","0","0","0","0","0","0","0","0","0"
"STATE_EQUATORIA","NUE","0","0","0","0","0","0","0","0","0","0","0","0","0","0","0"
"STATE_EQUATORIA","TPS","0","0","0","0","0","0","0","0","0","0","0","0","0","0","0"
"STATE_ERITREA","AWS","0","0","0","0","0","0","0","0","0","0","0","0","0","0","0"
"STATE_ERITREA","EGY","1","0","0","0","0","0","0","0","0","0","0","0","0","0","0"
"STATE_ERZURUM","TUR","0","0","0","0","0","0","0","0","0","0","0","0","0","0","0"
"STATE_ESTREMADURA","POR","2","0","6","0","6","0","1","10","0","1","4","0","1","10","4"
"STATE_EXTREMADURA","SPA","0","0","0","0","0","0","0","0","0","0","0","0","0","0","0"
"STATE_FARS","PER","1","0","3","0","3","0","1","10","0","1","7","0","1","10","7"
"STATE_FERGANA","KOK","0","0","0","0","0","0","0","0","0","0","0","0","0","0","0"
"STATE_FEZ","MOR","1","0","3","0","3","0","1","10","0","1","7","0","1","10","7"
"STATE_FIJI","FJI","0","0","0","0","0","0","0","0","0","0","0","0","0","0","0"
"STATE_FLANDERS","BEL","3","1","9","20","29","2","0","30","2","2","1","2","0","30","1"
"STATE_FLORIDA","SML","0","0","0","0","0","0","0","0","0","0","0","0","0","0","0"
"STATE_FLORIDA","USA","0","0","0","0","0","0","0","0","0","0","0","0","0","0","0"
"STATE_FORMOSA","CHI","1","0","3","0","3","0","1","10","0","1","7","0","1","10","7"
"STATE_FRANCHE_COMTE","FRA","0","0","0","0","0","0","0","0","0","0","0","0","0","0","0"
"STATE_FRANCONIA","BAV","0","1","0","20","20","2","0","30","2","2","10","2","0","30","10"
"STATE_FRENCH_LOW_COUNTRIES","FRA","1","0","3","0","3","0","1","10","0","1","7","0","1","10","7"
"STATE_FRIESLAND","NET","3","0","9","0","9","0","1","10","0","1","1","0","1","10","1"
"STATE_FUJIAN","CHI","0","0","0","0","0","0","0","0","0","0","0","0","0","0","0"
"STATE_GABON","FNG","0","0","0","0","0","0","0","0","0","0","0","0","0","0","0"
"STATE_GABON","LNG","0","0","0","0","0","0","0","0","0","0","0","0","0","0","0"
"STATE_GALICH","RUS","0","0","0","0","0","0","0","0","0","0","0","0","0","0","0"
"STATE_GALICIA","SPA","1","0","3","0","3","0","1","10","0","1","7","0","1","10","7"
"STATE_GANSU","CHI","0","0","0","0","0","0","0","0","0","0","0","0","0","0","0"
"STATE_GELRE","BEL","0","0","0","0","0","0","0","0","0","0","0","0","0","0","0"
"STATE_GELRE","NET","0","0","0","0","0","0","0","0","0","0","0","0","0","0","0"
"STATE_GEORGIA","USA","1","0","3","0","3","0","1","10","0","1","7","0","1","10","7"
"STATE_GOIAS","BRZ","0","0","0","0","0","0","0","0","0","0","0","0","0","0","0"
"STATE_GOLD_COAST","ASH","0","0","0","0","0","0","0","0","0","0","0","0","0","0","0"
"STATE_GOLD_COAST","DEN","1","0","0","0","0","0","0","0","0","0","0","0","0","0","0"
"STATE_GOLD_COAST","NET","1","0","0","0","0","0","0","0","0","0","0","0","0","0","0"
"STATE_GOLD_COAST","SIL","1","0","0","0","0","0","0","0","0","0","0","0","0","0","0"
"STATE_GONDER","AWS","0","0","0","0","0","0","0","0","0","0","0","0","0","0","0"
"STATE_GONDER","BGM","0","0","0","0","0","0","0","0","0","0","0","0","0","0","0"
"STATE_GONDER","GJM","0","0","0","0","0","0","0","0","0","0","0","0","0","0","0"
"STATE_GONDER","QWR","0","0","0","0","0","0","0","0","0","0","0","0","0","0","0"
"STATE_GONDER","TGR","0","0","0","0","0","0","0","0","0","0","0","0","0","0","0"
"STATE_GOTALAND","SWE","1","0","3","0","3","0","1","10","0","1","7","0","1","10","7"
"STATE_GOTLAND","SWE","1","0","0","0","0","0","0","0","0","0","0","0","0","0","0"
"STATE_GREATER_CAUCASUS","RUS","0","0","0","0","0","0","0","0","0","0","0","0","0","0","0"
"STATE_GREATER_POLAND","RUS","0","0","0","0","0","0","0","0","0","0","0","0","0","0","0"
"STATE_GREENLAND","DEN","1","0","0","0","0","0","0","0","0","0","0","0","0","0","0"
"STATE_GUANGDONG","CHI","15","0","45","0","45","3","0","45","3","3","0","3","0","45","0"
"STATE_GUANGDONG","POR","1","0","3","0","3","0","1","10","0","1","7","0","1","10","7"
"STATE_GUANGXI","CHI","0","0","0","0","0","0","0","0","0","0","0","0","0","0","0"
"STATE_GUATEMALA","GBR","1","0","0","0","0","0","0","0","0","0","0","0","0","0","0"
"STATE_GUATEMALA","UCA","0","0","0","0","0","0","0","0","0","0","0","0","0","0","0"
"STATE_GUAVIARE","CLM","0","0","0","0","0","0","0","0","0","0","0","0","0","0","0"
"STATE_GUAYANA","FRA","1","0","0","0","0","0","0","0","0","0","0","0","0","0","0"
"STATE_GUAYANA","GBR","1","0","0","0","0","0","0","0","0","0","0","0","0","0","0"
"STATE_GUAYANA","NET","1","0","0","0","0","0","0","0","0","0","0","0","0","0","0"
"STATE_GUERRERO","MEX","0","0","0","0","0","0","0","0","0","0","0","0","0","0","0"
"STATE_GUINEA","FTJ","0","0","0","0","0","0","0","0","0","0","0","0","0","0","0"
"STATE_GUINEA","KBU","0","0","0","0","0","0","0","0","0","0","0","0","0","0","0"
"STATE_GUINEA","MDK","0","0","0","0","0","0","0","0","0","0","0","0","0","0","0"
"STATE_GUINEA","POR","1","0","0","0","0","0","0","0","0","0","0","0","0","0","0"
"STATE_GUINEA","SSU","0","0","0","0","0","0","0","0","0","0","0","0","0","0","0"
"STATE_GUIZHOU","CHI","0","0","0","0","0","0","0","0","0","0","0","0","0","0","0"
"STATE_GUJARAT","BER","0","0","0","0","0","0","0","0","0","0","0","0","0","0","0"
"STATE_GUJARAT","BHV","0","0","0","0","0","0","0","0","0","0","0","0","0","0","0"
"STATE_GUJARAT","BIC","0","0","0","0","0","0","0","0","0","0","0","0","0","0","0"
"STATE_GUJARAT","DHA","0","0","0","0","0","0","0","0","0","0","0","0","0","0","0"
"STATE_GUJARAT","IDA","0","0","0","0","0","0","0","0","0","0","0","0","0","0","0"
"STATE_GUJARAT","JUN","0","0","0","0","0","0","0","0","0","0","0","0","0","0","0"
"STATE_GUJARAT","KUT","0","0","0","0","0","0","0","0","0","0","0","0","0","0","0"
"STATE_GUJARAT","NAW","0","0","0","0","0","0","0","0","0","0","0","0","0","0","0"
"STATE_GUJARAT","PLP","0","0","0","0","0","0","0","0","0","0","0","0","0","0","0"
"STATE_GUJARAT","POR","1","0","0","0","0","0","0","0","0","0","0","0","0","0","0"
"STATE_GUYENNE","FRA","0","0","0","0","0","0","0","0","0","0","0","0","0","0","0"
"STATE_HAIL","JAB","0","0","0","0","0","0","0","0","0","0","0","0","0","0","0"
"STATE_HAIL","NEJ","0","0","0","0","0","0","0","0","0","0","0","0","0","0","0"
"STATE_HAITI","HAI","1","0","3","0","3","0","1","10","0","1","7","0","1","10","7"
"STATE_HANNOVER","HAN","1","0","3","0","3","0","1","10","0","1","7","0","1","10","7"
"STATE_HANNOVER","OLD","1","0","0","0","0","0","0","0","0","0","0","0","0","0","0"
"STATE_HAUSALAND","BRG","0","0","0","0","0","0","0","0","0","0","0","0","0","0","0"
"STATE_HAUSALAND","SOK","0","0","0","0","0","0","0","0","0","0","0","0","0","0","0"
"STATE_HAWAIIAN_ISLANDS","HAW","1","0","0","0","0","0","0","0","0","0","0","0","0","0","0"
"STATE_HEDJAZ","HDJ","0","0","0","0","0","0","0","0","0","0","0","0","0","0","0"
"STATE_HENAN","CHI","0","0","0","0","0","0","0","0","0","0","0","0","0","0","0"
"STATE_HERAT","HER","0","0","0","0","0","0","0","0","0","0","0","0","0","0","0"
"STATE_HEREROLAND","HRO","0","0","0","0","0","0","0","0","0","0","0","0","0","0","0"
"STATE_HEREROLAND","OVB","0","0","0","0","0","0","0","0","0","0","0","0","0","0","0"
"STATE_HEREROLAND","SAN","0","0","0","0","0","0","0","0","0","0","0","0","0","0","0"
"STATE_HESSE","FRM","0","0","0","0","0","0","0","0","0","0","0","0","0","0","0"
"STATE_HESSE","HEK","0","0","0","0","0","0","0","0","0","0","0","0","0","0","0"
"STATE_HESSE","HES","0","0","0","0","0","0","0","0","0","0","0","0","0","0","0"
"STATE_HESSE","NAS","0","0","0","0","0","0","0","0","0","0","0","0","0","0","0"
"STATE_HESSE","WLD","0","0","0","0","0","0","0","0","0","0","0","0","0","0","0"
"STATE_HIGHLANDS","GBR","0","0","0","0","0","0","0","0","0","0","0","0","0","0","0"
"STATE_HILL_PUNJAB","BIC","0","0","0","0","0","0","0","0","0","0","0","0","0","0","0"
"STATE_HILL_PUNJAB","GAR","0","0","0","0","0","0","0","0","0","0","0","0","0","0","0"
"STATE_HILL_PUNJAB","PAN","0","0","0","0","0","0","0","0","0","0","0","0","0","0","0"
"STATE_HILL_PUNJAB","PTA","0","0","0","0","0","0","0","0","0","0","0","0","0","0","0"
"STATE_HIMALAYAS","NEP","0","0","0","0","0","0","0","0","0","0","0","0","0","0","0"
"STATE_HINGGAN","CHI","0","0","0","0","0","0","0","0","0","0","0","0","0","0","0"
"STATE_HOKKAIDO","EZO","0","0","0","0","0","0","0","0","0","0","0","0","0","0","0"
"STATE_HOKKAIDO","JAP","0","0","0","0","0","0","0","0","0","0","0","0","0","0","0"
"STATE_HOKUSHINETSU","JAP","0","0","0","0","0","0","0","0","0","0","0","0","0","0","0"
"STATE_HOLLAND","NET","5","0","15","0","15","1","0","15","1","1","0","1","0","15","0"
"STATE_HOME_COUNTIES","GBR","5","2","15","40","55","3","1","55","3","4","0","3","1","55","0"
"STATE_HONDURAS","UCA","1","0","0","0","0","0","0","0","0","0","0","0","0","0","0"
"STATE_HUDAVENDIGAR","TUR","2","0","6","0","6","0","1","10","0","1","4","0","1","10","4"
"STATE_HUNAN","CHI","0","0","0","0","0","0","0","0","0","0","0","0","0","0","0"
"STATE_HYDERABAD","HYD","0","0","0","0","0","0","0","0","0","0","0","0","0","0","0"
"STATE_ICA","IQU","0","0","0","0","0","0","0","0","0","0","0","0","0","0","0"
"STATE_ICA","SPU","0","0","0","0","0","0","0","0","0","0","0","0","0","0","0"
"STATE_ICELAND","DEN","1","0","0","0","0","0","0","0","0","0","0","0","0","0","0"
"STATE_IDAHO","BNN","0","0","0","0","0","0","0","0","0","0","0","0","0","0","0"
"STATE_IDAHO","NZP","0","0","0","0","0","0","0","0","0","0","0","0","0","0","0"
"STATE_IDAHO","ORG","0","0","0","0","0","0","0","0","0","0","0","0","0","0","0"
"STATE_ILE_DE_FRANCE","FRA","0","1","0","20","20","2","0","30","2","2","10","2","0","30","10"
"STATE_ILLINOIS","USA","0","0","0","0","0","0","0","0","0","0","0","0","0","0","0"
"STATE_INDIAN_OCEAN_TERRITORY","FRA","1","0","0","0","0","0","0","0","0","0","0","0","0","0","0"
"STATE_INDIAN_OCEAN_TERRITORY","GBR","1","0","0","0","0","0","0","0","0","0","0","0","0","0","0"
"STATE_INDIANA","USA","0","0","0","0","0","0","0","0","0","0","0","0","0","0","0"
"STATE_INGRIA","RUS","4","0","12","0","12","1","0","15","1","1","3","1","0","15","3"
"STATE_INNER_MAURITANIA","ADR","0","0","0","0","0","0","0","0","0","0","0","0","0","0","0"
"STATE_INNER_MAURITANIA","OUA","0","0","0","0","0","0","0","0","0","0","0","0","0","0","0"
"STATE_INNER_MAURITANIA","RGB","0","0","0","0","0","0","0","0","0","0","0","0","0","0","0"
"STATE_INNER_MOROCCO","MOR","0","0","0","0","0","0","0","0","0","0","0","0","0","0","0"
"STATE_INNER_MOROCCO","TEK","0","0","0","0","0","0","0","0","0","0","0","0","0","0","0"
"STATE_IONIAN_ISLANDS","ION","1","0","0","0","0","0","0","0","0","0","0","0","0","0","0"
"STATE_IOWA","USA","0","0","0","0","0","0","0","0","0","0","0","0","0","0","0"
"STATE_IRAKAJEMI","PER","0","0","0","0","0","0","0","0","0","0","0","0","0","0","0"
"STATE_IRKUTSK","RUS","0","0","0","0","0","0","0","0","0","0","0","0","0","0","0"
"STATE_ISFAHAN","PER","0","0","0","0","0","0","0","0","0","0","0","0","0","0","0"
"STATE_ISTRIA","AUS","4","0","12","0","12","1","0","15","1","1","3","1","0","15","3"
"STATE_IVORY_COAST","AYI","0","0","0","0","0","0","0","0","0","0","0","0","0","0","0"
"STATE_IVORY_COAST","BLE","0","0","0","0","0","0","0","0","0","0","0","0","0","0","0"
"STATE_IVORY_COAST","FRA","1","0","0","0","0","0","0","0","0","0","0","0","0","0","0"
"STATE_IVORY_COAST","KNG","0","0","0","0","0","0","0","0","0","0","0","0","0","0","0"
"STATE_JALISCO","MEX","0","0","0","0","0","0","0","0","0","0","0","0","0","0","0"
"STATE_JAMAICA","GBR","1","0","0","0","0","0","0","0","0","0","0","0","0","0","0"
"STATE_JETISY","CHI","0","0","0","0","0","0","0","0","0","0","0","0","0","0","0"
"STATE_JIANGSU","CHI","0","0","0","0","0","0","0","0","0","0","0","0","0","0","0"
"STATE_JIANGXI","CHI","0","0","0","0","0","0","0","0","0","0","0","0","0","0","0"
"STATE_JUJUY","ARG","0","0","0","0","0","0","0","0","0","0","0","0","0","0","0"
"STATE_JUJUY","BOL","0","0","0","0","0","0","0","0","0","0","0","0","0","0","0"
"STATE_JUTLAND","DEN","1","0","3","0","3","0","1","10","0","1","7","0","1","10","7"
"STATE_KABUL","KAB","0","0","0","0","0","0","0","0","0","0","0","0","0","0","0"
"STATE_KABUL","KAF","0","0","0","0","0","0","0","0","0","0","0","0","0","0","0"
"STATE_KACHIN","BUR","0","0","0","0","0","0","0","0","0","0","0","0","0","0","0"
"STATE_KALMYKIA","RUS","0","0","0","0","0","0","0","0","0","0","0","0","0","0","0"
"STATE_KAMCHATKA","RUS","0","0","0","0","0","0","0","0","0","0","0","0","0","0","0"
"STATE_KANAK","KNK","0","0","0","0","0","0","0","0","0","0","0","0","0","0","0"
"STATE_KANDAHAR","KAN","0","0","0","0","0","0","0","0","0","0","0","0","0","0","0"
"STATE_KANSAI","JAP","0","0","0","0","0","0","0","0","0","0","0","0","0","0","0"
"STATE_KANSAS","COM","0","0","0","0","0","0","0","0","0","0","0","0","0","0","0"
"STATE_KANSAS","PWN","0","0","0","0","0","0","0","0","0","0","0","0","0","0","0"
"STATE_KANSAS","USA","0","0","0","0","0","0","0","0","0","0","0","0","0","0","0"
"STATE_KANTO","JAP","1","0","3","0","3","0","1","10","0","1","7","0","1","10","7"
"STATE_KARS","RUS","0","0","0","0","0","0","0","0","0","0","0","0","0","0","0"
"STATE_KARS","TUR","0","0","0","0","0","0","0","0","0","0","0","0","0","0","0"
"STATE_KASAI","KBA","0","0","0","0","0","0","0","0","0","0","0","0","0","0","0"
"STATE_KASAI","LBA","0","0","0","0","0","0","0","0","0","0","0","0","0","0","0"
"STATE_KASHMIR","CHT","0","0","0","0","0","0","0","0","0","0","0","0","0","0","0"
"STATE_KASHMIR","KAS","0","0","0","0","0","0","0","0","0","0","0","0","0","0","0"
"STATE_KASHMIR","LAD","0","0","0","0","0","0","0","0","0","0","0","0","0","0","0"
"STATE_KASTAMONU","TUR","0","0","0","0","0","0","0","0","0","0","0","0","0","0","0"
"STATE_KATANGA","KZM","0","0","0","0","0","0","0","0","0","0","0","0","0","0","0"
"STATE_KATANGA","LBA","0","0","0","0","0","0","0","0","0","0","0","0","0","0","0"
"STATE_KATANGA","LND","0","0","0","0","0","0","0","0","0","0","0","0","0","0","0"
"STATE_KAUNAS","RUS","1","0","3","0","3","0","1","10","0","1","7","0","1","10","7"
"STATE_KAZAN","RUS","0","0","0","0","0","0","0","0","0","0","0","0","0","0","0"
"STATE_KAZEMBE","BMB","0","0","0","0","0","0","0","0","0","0","0","0","0","0","0"
"STATE_KAZEMBE","KZM","0","0","0","0","0","0","0","0","0","0","0","0","0","0","0"
"STATE_KAZEMBE","MRV","0","0","0","0","0","0","0","0","0","0","0","0","0","0","0"
"STATE_KENTUCKY","USA","0","0","0","0","0","0","0","0","0","0","0","0","0","0","0"
"STATE_KENYA","AJR","0","0","0","0","0","0","0","0","0","0","0","0","0","0","0"
"STATE_KENYA","AUL","0","0","0","0","0","0","0","0","0","0","0","0","0","0","0"
"STATE_KENYA","KKY","0","0","0","0","0","0","0","0","0","0","0","0","0","0","0"
"STATE_KENYA","MBS","0","0","0","0","0","0","0","0","0","0","0","0","0","0","0"
"STATE_KENYA","MJK","0","0","0","0","0","0","0","0","0","0","0","0","0","0","0"
"STATE_KENYA","OMA","0","0","0","0","0","0","0","0","0","0","0","0","0","0","0"
"STATE_KENYA","ORM","0","0","0","0","0","0","0","0","0","0","0","0","0","0","0"
"STATE_KENYA","SKY","0","0","0","0","0","0","0","0","0","0","0","0","0","0","0"
"STATE_KENYA","WTU","0","0","0","0","0","0","0","0","0","0","0","0","0","0","0"
"STATE_KERMAN","PER","0","0","0","0","0","0","0","0","0","0","0","0","0","0","0"
"STATE_KHARKOV","RUS","0","0","0","0","0","0","0","0","0","0","0","0","0","0","0"
"STATE_KHIVA","KHI","0","0","0","0","0","0","0","0","0","0","0","0","0","0","0"
"STATE_KHIVA","KZH","0","0","0","0","0","0","0","0","0","0","0","0","0","0","0"
"STATE_KHIVA","TRM","0","0","0","0","0","0","0","0","0","0","0","0","0","0","0"
"STATE_KHORASAN","PER","0","0","0","0","0","0","0","0","0","0","0","0","0","0","0"
"STATE_KHUZESTAN","ARB","0","0","0","0","0","0","0","0","0","0","0","0","0","0","0"
"STATE_KIEV","RUS","0","0","0","0","0","0","0","0","0","0","0","0","0","0","0"
"STATE_KIRGHIZIA","CHI","0","0","0","0","0","0","0","0","0","0","0","0","0","0","0"
"STATE_KIRGHIZIA","KOK","0","0","0","0","0","0","0","0","0","0","0","0","0","0","0"
"STATE_KOLA","RUS","0","0","0","0","0","0","0","0","0","0","0","0","0","0","0"
"STATE_KOLYMA","RUS","0","0","0","0","0","0","0","0","0","0","0","0","0","0","0"
"STATE_KONYA","TUR","0","0","0","0","0","0","0","0","0","0","0","0","0","0","0"
"STATE_KORDOFAN","EGY","0","0","0","0","0","0","0","0","0","0","0","0","0","0","0"
"STATE_KOSOVO","TUR","0","0","0","0","0","0","0","0","0","0","0","0","0","0","0"
"STATE_KRASNOYARSK","RUS","0","0","0","0","0","0","0","0","0","0","0","0","0","0","0"
"STATE_KUBAN","CIR","1","0","0","0","0","0","0","0","0","0","0","0","0","0","0"
"STATE_KUBAN","RUS","0","0","0","0","0","0","0","0","0","0","0","0","0","0","0"
"STATE_KUOPIO","FIN","0","0","0","0","0","0","0","0","0","0","0","0","0","0","0"
"STATE_KURNOOL","BIC","0","0","0","0","0","0","0","0","0","0","0","0","0","0","0"
"STATE_KURNOOL","KNO","0","0","0","0","0","0","0","0","0","0","0","0","0","0","0"
"STATE_KURSK","RUS","0","0","0","0","0","0","0","0","0","0","0","0","0","0","0"
"STATE_KYOTO","JAP","0","0","0","0","0","0","0","0","0","0","0","0","0","0","0"
"STATE_KYUSHU","JAP","3","0","9","0","9","0","1","10","0","1","1","0","1","10","1"
"STATE_LA_PAMPA","ARG","0","0","0","0","0","0","0","0","0","0","0","0","0","0","0"
"STATE_LA_PAZ","BOL","0","0","0","0","0","0","0","0","0","0","0","0","0","0","0"
"STATE_LANCASHIRE","GBR","4","3","12","60","72","5","0","75","5","5","3","5","0","75","3"
"STATE_LANGUEDOC","FRA","0","0","0","0","0","0","0","0","0","0","0","0","0","0","0"
"STATE_LAOS","CHP","0","0","0","0","0","0","0","0","0","0","0","0","0","0","0"
"STATE_LAOS","DAI","0","0","0","0","0","0","0","0","0","0","0","0","0","0","0"
"STATE_LAOS","LUA","0","0","0","0","0","0","0","0","0","0","0","0","0","0","0"
"STATE_LAOS","SCT","0","0","0","0","0","0","0","0","0","0","0","0","0","0","0"
"STATE_LAOS","SIA","0","0","0","0","0","0","0","0","0","0","0","0","0","0","0"
"STATE_LARISTAN","BHN","1","0","0","0","0","0","0","0","0","0","0","0","0","0","0"
"STATE_LARISTAN","OMA","1","0","0","0","0","0","0","0","0","0","0","0","0","0","0"
"STATE_LARISTAN","PER","0","0","0","0","0","0","0","0","0","0","0","0","0","0","0"
"STATE_LAZIO","PAP","1","0","3","0","3","0","1","10","0","1","7","0","1","10","7"
"STATE_LEBANON","EGY","0","0","0","0","0","0","0","0","0","0","0","0","0","0","0"
"STATE_LEINSTER","GBR","2","0","6","0","6","0","1","10","0","1","4","0","1","10","4"
"STATE_LEON","SPA","0","0","0","0","0","0","0","0","0","0","0","0","0","0","0"
"STATE_LESSER_POLAND","RUS","0","0","0","0","0","0","0","0","0","0","0","0","0","0","0"
"STATE_LHASA","TIB","0","0","0","0","0","0","0","0","0","0","0","0","0","0","0"
"STATE_LIBERIA","KRU","0","0","0","0","0","0","0","0","0","0","0","0","0","0","0"
"STATE_LIBERIA","LIB","1","0","0","0","0","0","0","0","0","0","0","0","0","0","0"
"STATE_LIBERIA","MDK","0","0","0","0","0","0","0","0","0","0","0","0","0","0","0"
"STATE_LIBYA","TBI","0","0","0","0","0","0","0","0","0","0","0","0","0","0","0"
"STATE_LIBYA","TRI","0","0","0","0","0","0","0","0","0","0","0","0","0","0","0"
"STATE_LIBYA","ZWY","0","0","0","0","0","0","0","0","0","0","0","0","0","0","0"
"STATE_LIBYAN_DESERT","AJJ","0","0","0","0","0","0","0","0","0","0","0","0","0","0","0"
"STATE_LIBYAN_DESERT","FZN","0","0","0","0","0","0","0","0","0","0","0","0","0","0","0"
"STATE_LIBYAN_DESERT","TBI","0","0","0","0","0","0","0","0","0","0","0","0","0","0","0"
"STATE_LIBYAN_DESERT","ZWY","0","0","0","0","0","0","0","0","0","0","0","0","0","0","0"
"STATE_LIMA","NPU","1","0","3","0","3","0","1","10","0","1","7","0","1","10","7"
"STATE_LINDI","GGO","0","0","0","0","0","0","0","0","0","0","0","0","0","0","0"
"STATE_LINDI","HHE","0","0","0","0","0","0","0","0","0","0","0","0","0","0","0"
"STATE_LINDI","SNG","0","0","0","0","0","0","0","0","0","0","0","0","0","0","0"
"STATE_LOMBARDY","AUS","0","0","0","0","0","0","0","0","0","0","0","0","0","0","0"
"STATE_LORRAINE","FRA","0","0","0","0","0","0","0","0","0","0","0","0","0","0","0"
"STATE_LOS_RIOS","CHL","0","0","0","0","0","0","0","0","0","0","0","0","0","0","0"
"STATE_LOUISIANA","USA","2","0","6","0","6","0","1","10","0","1","4","0","1","10","4"
"STATE_LOURENCO_MARQUES","GZA","0","0","0","0","0","0","0","0","0","0","0","0","0","0","0"
"STATE_LOURENCO_MARQUES","POR","1","0","0","0","0","0","0","0","0","0","0","0","0","0","0"
"STATE_LOWER_ANDALUSIA","SPA","3","0","9","0","9","0","1","10","0","1","1","0","1","10","1"
"STATE_LOWER_EGYPT","EGY","2","0","6","0","6","0","1","10","0","1","4","0","1","10","4"
"STATE_LOWER_SILESIA","PRU","0","0","0","0","0","0","0","0","0","0","0","0","0","0","0"
"STATE_LOWLANDS","GBR","2","1","6","20","26","2","0","30","2","2","4","2","0","30","4"
"STATE_LURISTAN","PER","0","0","0","0","0","0","0","0","0","0","0","0","0","0","0"
"STATE_LUZON","PHI","1","0","3","0","3","0","1","10","0","1","7","0","1","10","7"
"STATE_LUZON","SUL","0","0","0","0","0","0","0","0","0","0","0","0","0","0","0"
"STATE_MACEDONIA","TUR","0","0","0","0","0","0","0","0","0","0","0","0","0","0","0"
"STATE_MADEIRA","POR","1","0","0","0","0","0","0","0","0","0","0","0","0","0","0"
"STATE_MADRAS","BIC","1","0","3","0","3","0","1","10","0","1","7","0","1","10","7"
"STATE_MADRAS","DEN","1","0","0","0","0","0","0","0","0","0","0","0","0","0","0"
"STATE_MADRAS","FRA","1","0","0","0","0","0","0","0","0","0","0","0","0","0","0"
"STATE_MADRAS","PUD","0","0","0","0","0","0","0","0","0","0","0","0","0","0","0"
"STATE_MAINE","USA","1","0","3","0","3","0","1","10","0","1","7","0","1","10","7"
"STATE_MAINE_ANJOU","FRA","0","0","0","0","0","0","0","0","0","0","0","0","0","0","0"
"STATE_MALAYA","GBR","1","0","3","0","3","0","1","10","0","1","7","0","1","10","7"
"STATE_MALAYA","JOH","0","0","0","0","0","0","0","0","0","0","0","0","0","0","0"
"STATE_MALAYA","PRK","0","0","0","0","0","0","0","0","0","0","0","0","0","0","0"
"STATE_MALAYA","SEL","0","0","0","0","0","0","0","0","0","0","0","0","0","0","0"
"STATE_MALAYA","SIA","0","0","0","0","0","0","0","0","0","0","0","0","0","0","0"
"STATE_MALTA","GBR","1","0","3","0","3","0","1","10","0","1","7","0","1","10","7"
"STATE_MALWA","BHO","0","0","0","0","0","0","0","0","0","0","0","0","0","0","0"
"STATE_MALWA","GWA","0","0","0","0","0","0","0","0","0","0","0","0","0","0","0"
"STATE_MALWA","IND","0","0","0","0","0","0","0","0","0","0","0","0","0","0","0"
"STATE_MANDALAY","BUR","0","0","0","0","0","0","0","0","0","0","0","0","0","0","0"
"STATE_MANDALAY","KKI","0","0","0","0","0","0","0","0","0","0","0","0","0","0","0"
"STATE_MANITOBA","HBC","1","0","3","0","3","0","1","10","0","1","7","0","1","10","7"
"STATE_MANITOBA","IRC","0","0","0","0","0","0","0","0","0","0","0","0","0","0","0"
"STATE_MARANHAO","BRZ","0","0","0","0","0","0","0","0","0","0","0","0","0","0","0"
"STATE_MARRAKECH","MOR","1","0","3","0","3","0","1","10","0","1","7","0","1","10","7"
"STATE_MARYLAND","USA","2","0","6","0","6","0","1","10","0","1","4","0","1","10","4"
"STATE_MASSACHUSETTS","USA","3","0","9","0","9","0","1","10","0","1","1","0","1","10","1"
"STATE_MATO_GROSSO","BOL","0","0","0","0","0","0","0","0","0","0","0","0","0","0","0"
"STATE_MATO_GROSSO","BRZ","0","0","0","0","0","0","0","0","0","0","0","0","0","0","0"
"STATE_MATO_GROSSO","PRG","0","0","0","0","0","0","0","0","0","0","0","0","0","0","0"
"STATE_MATRUH","EGY","0","0","0","0","0","0","0","0","0","0","0","0","0","0","0"
"STATE_MAURITANIA","ADR","0","0","0","0","0","0","0","0","0","0","0","0","0","0","0"
"STATE_MAURITANIA","BRK","0","0","0","0","0","0","0","0","0","0","0","0","0","0","0"
"STATE_MAURITANIA","DLM","0","0","0","0","0","0","0","0","0","0","0","0","0","0","0"
"STATE_MAURITANIA","FTR","0","0","0","0","0","0","0","0","0","0","0","0","0","0","0"
"STATE_MAURITANIA","OUA","0","0","0","0","0","0","0","0","0","0","0","0","0","0","0"
"STATE_MAURITANIA","TRZ","0","0","0","0","0","0","0","0","0","0","0","0","0","0","0"
"STATE_MAZANDARAN","PER","1","0","3","0","3","1","0","15","1","1","12","1","0","15","12"
"STATE_MAZOVIA","RUS","0","0","0","0","0","0","0","0","0","0","0","0","0","0","0"
"STATE_MECKLENBURG","MEC","1","0","3","0","3","0","1","10","0","1","7","0","1","10","7"
"STATE_MECKLENBURG","MST","0","0","0","0","0","0","0","0","0","0","0","0","0","0","0"
"STATE_MEKONG","DAI","1","0","0","0","0","0","0","0","0","0","0","0","0","0","0"
"STATE_MEKONG","DGR","0","0","0","0","0","0","0","0","0","0","0","0","0","0","0"
"STATE_MERZ","BUK","0","0","0","0","0","0","0","0","0","0","0","0","0","0","0"
"STATE_MERZ","KHI","0","0","0","0","0","0","0","0","0","0","0","0","0","0","0"
"STATE_MERZ","TRM","0","0","0","0","0","0","0","0","0","0","0","0","0","0","0"
"STATE_MEXICO","MEX","0","0","0","0","0","0","0","0","0","0","0","0","0","0","0"
"STATE_MICHIGAN","USA","0","0","0","0","0","0","0","0","0","0","0","0","0","0","0"
"STATE_MIDDLE_EGYPT","EGY","0","0","0","0","0","0","0","0","0","0","0","0","0","0","0"
"STATE_MIDLANDS","GBR","2","2","6","40","46","2","2","50","2","4","4","2","2","50","4"
"STATE_MINAS_GERAIS","BRZ","0","0","0","0","0","0","0","0","0","0","0","0","0","0","0"
"STATE_MINDANAO","MGD","0","0","0","0","0","0","0","0","0","0","0","0","0","0","0"
"STATE_MINDANAO","MND","0","0","0","0","0","0","0","0","0","0","0","0","0","0","0"
"STATE_MINDANAO","PHI","0","0","0","0","0","0","0","0","0","0","0","0","0","0","0"
"STATE_MINDANAO","SUL","1","0","3","0","3","0","1","10","0","1","7","0","1","10","7"
"STATE_MINNESOTA","LKT","0","0","0","0","0","0","0","0","0","0","0","0","0","0","0"
"STATE_MINNESOTA","USA","0","0","0","0","0","0","0","0","0","0","0","0","0","0","0"
"STATE_MINSK","RUS","0","0","0","0","0","0","0","0","0","0","0","0","0","0","0"
"STATE_MIRANDA","VNZ","1","0","3","0","3","0","1","10","0","1","7","0","1","10","7"
"STATE_MISSISSIPPI","USA","0","0","0","0","0","0","0","0","0","0","0","0","0","0","0"
"STATE_MISSOURI","USA","0","0","0","0","0","0","0","0","0","0","0","0","0","0","0"
"STATE_MOCAMBIQUE","AGC","0","0","0","0","0","0","0","0","0","0","0","0","0","0","0"
"STATE_MOCAMBIQUE","MRV","0","0","0","0","0","0","0","0","0","0","0","0","0","0","0"
"STATE_MOCAMBIQUE","POR","1","0","0","0","0","0","0","0","0","0","0","0","0","0","0"
"STATE_MOCAMBIQUE","TGI","0","0","0","0","0","0","0","0","0","0","0","0","0","0","0"
"STATE_MOGILEV","RUS","0","0","0","0","0","0","0","0","0","0","0","0","0","0","0"
"STATE_MOLDAVIA","MOL","0","0","0","0","0","0","0","0","0","0","0","0","0","0","0"
"STATE_MOLUCCAS","DEI","1","0","0","0","0","0","0","0","0","0","0","0","0","0","0"
"STATE_MOLUCCAS","TID","1","0","0","0","0","0","0","0","0","0","0","0","0","0","0"
"STATE_MONTANA","ABS","0","0","0","0","0","0","0","0","0","0","0","0","0","0","0"
"STATE_MONTANA","BLF","0","0","0","0","0","0","0","0","0","0","0","0","0","0","0"
"STATE_MONTANA","LKT","0","0","0","0","0","0","0","0","0","0","0","0","0","0","0"
"STATE_MONTANA","SLS","0","0","0","0","0","0","0","0","0","0","0","0","0","0","0"
"STATE_MONTANA","USA","0","0","0","0","0","0","0","0","0","0","0","0","0","0","0"
"STATE_MONTENEGRO","AUS","2","0","6","0","6","0","1","10","0","1","4","0","1","10","4"
"STATE_MONTENEGRO","MON","0","0","0","0","0","0","0","0","0","0","0","0","0","0","0"
"STATE_MONTENEGRO","TUR","0","0","0","0","0","0","0","0","0","0","0","0","0","0","0"
"STATE_MORAVIA","AUS","0","0","0","0","0","0","0","0","0","0","0","0","0","0","0"
"STATE_MOSCOW","RUS","0","0","0","0","0","0","0","0","0","0","0","0","0","0","0"
"STATE_MOSUL","TUR","0","0","0","0","0","0","0","0","0","0","0","0","0","0","0"
"STATE_MUNSTER","GBR","1","0","3","0","3","0","1","10","0","1","7","0","1","10","7"
"STATE_MURCIA","SPA","1","0","3","0","3","0","1","10","0","1","7","0","1","10","7"
"STATE_MYSORE","BIC","0","0","0","0","0","0","0","0","0","0","0","0","0","0","0"
"STATE_MYSORE","MYS","0","0","0","0","0","0","0","0","0","0","0","0","0","0","0"
"STATE_NAKHON_RATCHASIMA","SIA","0","0","0","0","0","0","0","0","0","0","0","0","0","0","0"
"STATE_NAMAQUALAND","NAM","0","0","0","0","0","0","0","0","0","0","0","0","0","0","0"
"STATE_NAMAQUALAND","SAN","0","0","0","0","0","0","0","0","0","0","0","0","0","0","0"
"STATE_NANJING","CHI","0","0","0","0","0","0","0","0","0","0","0","0","0","0","0"
"STATE_NAURU","NRU","0","0","0","0","0","0","0","0","0","0","0","0","0","0","0"
"STATE_NEBRASKA","LKT","0","0","0","0","0","0","0","0","0","0","0","0","0","0","0"
"STATE_NEBRASKA","PWN","0","0","0","0","0","0","0","0","0","0","0","0","0","0","0"
"STATE_NEBRASKA","USA","0","0","0","0","0","0","0","0","0","0","0","0","0","0","0"
"STATE_NEJD","NEJ","0","0","0","0","0","0","0","0","0","0","0","0","0","0","0"
"STATE_NENETSIA","RUS","0","0","0","0","0","0","0","0","0","0","0","0","0","0","0"
"STATE_NEVADA","BNN","0","0","0","0","0","0","0","0","0","0","0","0","0","0","0"
"STATE_NEVADA","MEX","0","0","0","0","0","0","0","0","0","0","0","0","0","0","0"
"STATE_NEW_BRUNSWICK","NBS","1","0","3","0","3","0","1","10","0","1","7","0","1","10","7"
"STATE_NEW_BRUNSWICK","NVS","1","0","3","0","3","0","1","10","0","1","7","0","1","10","7"
"STATE_NEW_CASTILE","SPA","0","0","0","0","0","0","0","0","0","0","0","0","0","0","0"
"STATE_NEW_HAMPSHIRE","USA","0","0","0","0","0","0","0","0","0","0","0","0","0","0","0"
"STATE_NEW_JERSEY","USA","0","0","0","0","0","0","0","0","0","0","0","0","0","0","0"
"STATE_NEW_MEXICO","APC","0","0","0","0","0","0","0","0","0","0","0","0","0","0","0"
"STATE_NEW_MEXICO","COM","0","0","0","0","0","0","0","0","0","0","0","0","0","0","0"
"STATE_NEW_MEXICO","MEX","0","0","0","0","0","0","0","0","0","0","0","0","0","0","0"
"STATE_NEW_MEXICO","NVJ","0","0","0","0","0","0","0","0","0","0","0","0","0","0","0"
"STATE_NEW_SOUTH_WALES","KLN","0","0","0","0","0","0","0","0","0","0","0","0","0","0","0"
"STATE_NEW_SOUTH_WALES","KNC","0","0","0","0","0","0","0","0","0","0","0","0","0","0","0"
"STATE_NEW_SOUTH_WALES","KRI","0","0","0","0","0","0","0","0","0","0","0","0","0","0","0"
"STATE_NEW_SOUTH_WALES","NSW","1","0","3","0","3","0","1","10","0","1","7","0","1","10","7"
"STATE_NEW_SOUTH_WALES","PAA","0","0","0","0","0","0","0","0","0","0","0","0","0","0","0"
"STATE_NEW_SOUTH_WALES","WDJ","0","0","0","0","0","0","0","0","0","0","0","0","0","0","0"
"STATE_NEW_SOUTH_WALES","YUR","0","0","0","0","0","0","0","0","0","0","0","0","0","0","0"
"STATE_NEW_YORK","USA","3","0","9","0","9","0","1","10","0","1","1","0","1","10","1"
"STATE_NEWFOUNDLAND","GBR","0","0","0","0","0","0","0","0","0","0","0","0","0","0","0"
"STATE_NGARI","TIB","0","0","0","0","0","0","0","0","0","0","0","0","0","0","0"
"STATE_NICARAGUA","MKT","1","0","0","0","0","0","0","0","0","0","0","0","0","0","0"
"STATE_NICARAGUA","UCA","0","0","0","0","0","0","0","0","0","0","0","0","0","0","0"
"STATE_NIGER","AIR","0","0","0","0","0","0","0","0","0","0","0","0","0","0","0"
"STATE_NIGER","AJJ","0","0","0","0","0","0","0","0","0","0","0","0","0","0","0"
"STATE_NIGER","DIN","0","0","0","0","0","0","0","0","0","0","0","0","0","0","0"
"STATE_NIGER","TBI","0","0","0","0","0","0","0","0","0","0","0","0","0","0","0"
"STATE_NIGER_DELTA","IBO","0","0","0","0","0","0","0","0","0","0","0","0","0","0","0"
"STATE_NIGERIA","SOK","0","0","0","0","0","0","0","0","0","0","0","0","0","0","0"
"STATE_NINGXIA","CHI","0","0","0","0","0","0","0","0","0","0","0","0","0","0","0"
"STATE_NIZHNY_NOVGOROD","RUS","0","0","0","0","0","0","0","0","0","0","0","0","0","0","0"
"STATE_NORMANDY","FRA","2","0","6","0","6","0","1","10","0","1","4","0","1","10","4"
"STATE_NORRLAND","SWE","0","0","0","0","0","0","0","0","0","0","0","0","0","0","0"
"STATE_NORTH_ANGOLA","KON","0","0","0","0","0","0","0","0","0","0","0","0","0","0","0"
"STATE_NORTH_ANGOLA","POR","1","0","3","0","3","0","1","10","0","1","7","0","1","10","7"
"STATE_NORTH_BORNEO","BLG","0","0","0","0","0","0","0","0","0","0","0","0","0","0","0"
"STATE_NORTH_BORNEO","BRU","0","0","0","0","0","0","0","0","0","0","0","0","0","0","0"
"STATE_NORTH_BORNEO","SUL","1","0","0","0","0","0","0","0","0","0","0","0","0","0","0"
"STATE_NORTH_CAMEROON","BMM","0","0","0","0","0","0","0","0","0","0","0","0","0","0","0"
"STATE_NORTH_CAMEROON","SOK","0","0","0","0","0","0","0","0","0","0","0","0","0","0","0"
"STATE_NORTH_CAROLINA","USA","1","0","3","0","3","0","1","10","0","1","7","0","1","10","7"
"STATE_NORTH_CAUCASUS","CHC","0","0","0","0","0","0","0","0","0","0","0","0","0","0","0"
"STATE_NORTH_CAUCASUS","CIR","0","0","0","0","0","0","0","0","0","0","0","0","0","0","0"
"STATE_NORTH_CAUCASUS","RUS","0","0","0","0","0","0","0","0","0","0","0","0","0","0","0"
"STATE_NORTH_DAKOTA","LKT","0","0","0","0","0","0","0","0","0","0","0","0","0","0","0"
"STATE_NORTH_DAKOTA","USA","0","0","0","0","0","0","0","0","0","0","0","0","0","0","0"
"STATE_NORTH_ISLAND","NSW","1","0","0","0","0","0","0","0","0","0","0","0","0","0","0"
"STATE_NORTH_ISLAND","NTO","0","0","0","0","0","0","0","0","0","0","0","0","0","0","0"
"STATE_NORTH_ISLAND","UNT","0","0","0","0","0","0","0","0","0","0","0","0","0","0","0"
"STATE_NORTH_MADAGASCAR","MAD","0","0","0","0","0","0","0","0","0","0","0","0","0","0","0"
"STATE_NORTH_RHINE","PRU","0","0","0","0","0","0","0","0","0","0","0","0","0","0","0"
"STATE_NORTH_SUMATRA","DEI","1","0","3","0","3","0","1","10","0","1","7","0","1","10","7"
"STATE_NORTH_SUMATRA","JMB","0","0","0","0","0","0","0","0","0","0","0","0","0","0","0"
"STATE_NORTH_SUMATRA","SAK","0","0","0","0","0","0","0","0","0","0","0","0","0","0","0"
"STATE_NORTHERN_ANHUI","CHI","0","0","0","0","0","0","0","0","0","0","0","0","0","0","0"
"STATE_NORTHERN_BALUCHISTAN","KAN","0","0","0","0","0","0","0","0","0","0","0","0","0","0","0"
"STATE_NORTHERN_CAPE","SAF","0","0","0","0","0","0","0","0","0","0","0","0","0","0","0"
"STATE_NORTHERN_CAPE","SAN","0","0","0","0","0","0","0","0","0","0","0","0","0","0","0"
"STATE_NORTHERN_CAPE","TSW","0","0","0","0","0","0","0","0","0","0","0","0","0","0","0"
"STATE_NORTHERN_CAPE","WBL","0","0","0","0","0","0","0","0","0","0","0","0","0","0","0"
"STATE_NORTHERN_MANCHURIA","CHI","0","0","0","0","0","0","0","0","0","0","0","0","0","0","0"
"STATE_NORTHERN_NORWAY","NOR","0","0","0","0","0","0","0","0","0","0","0","0","0","0","0"
"STATE_NORTHERN_TERRITORY","ARH","0","0","0","0","0","0","0","0","0","0","0","0","0","0","0"
"STATE_NORTHERN_TERRITORY","ARR","0","0","0","0","0","0","0","0","0","0","0","0","0","0","0"
"STATE_NORTHERN_TERRITORY","GRW","0","0","0","0","0","0","0","0","0","0","0","0","0","0","0"
"STATE_NORTHERN_TERRITORY","KNC","0","0","0","0","0","0","0","0","0","0","0","0","0","0","0"
"STATE_NORTHERN_TERRITORY","LRR","0","0","0","0","0","0","0","0","0","0","0","0","0","0","0"
"STATE_NORTHERN_TERRITORY","NSW","1","0","3","0","3","0","1","10","0","1","7","0","1","10","7"
"STATE_NORTHERN_TERRITORY","NYP","0","0","0","0","0","0","0","0","0","0","0","0","0","0","0"
"STATE_NORTHERN_TERRITORY","WRR","0","0","0","0","0","0","0","0","0","0","0","0","0","0","0"
"STATE_NORTHERN_TERRITORY","WTI","0","0","0","0","0","0","0","0","0","0","0","0","0","0","0"
"STATE_NORTHERN_TERRITORY","YGU","0","0","0","0","0","0","0","0","0","0","0","0","0","0","0"
"STATE_NORTHERN_THRACE","TUR","0","0","0","0","0","0","0","0","0","0","0","0","0","0","0"
"STATE_NORTHERN_TRANSYLVANIA","TRS","0","0","0","0","0","0","0","0","0","0","0","0","0","0","0"
"STATE_NORTHWEST_TERRITORIES","HBC","0","0","0","0","0","0","0","0","0","0","0","0","0","0","0"
"STATE_NOVGOROD","RUS","0","0","0","0","0","0","0","0","0","0","0","0","0","0","0"
"STATE_NUNAVUT","HBC","0","0","0","0","0","0","0","0","0","0","0","0","0","0","0"
"STATE_OAXACA","MEX","0","0","0","0","0","0","0","0","0","0","0","0","0","0","0"
"STATE_OB","RUS","0","0","0","0","0","0","0","0","0","0","0","0","0","0","0"
"STATE_OHIO","USA","0","0","0","0","0","0","0","0","0","0","0","0","0","0","0"
"STATE_OKHOTSK","RUS","1","0","0","0","0","0","0","0","0","0","0","0","0","0","0"
"STATE_OKLAHOMA","COM","0","0","0","0","0","0","0","0","0","0","0","0","0","0","0"
"STATE_OKLAHOMA","SEQ","0","0","0","0","0","0","0","0","0","0","0","0","0","0","0"
"STATE_OLD_CASTILE","SPA","0","0","0","0","0","0","0","0","0","0","0","0","0","0","0"
"STATE_OMAN","OMA","3","0","9","0","9","0","1","10","0","1","1","0","1","10","1"
"STATE_ONTARIO","HBC","0","0","0","0","0","0","0","0","0","0","0","0","0","0","0"
"STATE_ONTARIO","ONT","0","0","0","0","0","0","0","0","0","0","0","0","0","0","0"
"STATE_ORAN","FRA","1","0","0","0","0","0","0","0","0","0","0","0","0","0","0"
"STATE_ORAN","MAS","0","0","0","0","0","0","0","0","0","0","0","0","0","0","0"
"STATE_OREGON","ORG","0","0","0","0","0","0","0","0","0","0","0","0","0","0","0"
"STATE_ORISSA","BIC","1","0","0","0","0","0","0","0","0","0","0","0","0","0","0"
"STATE_ORISSA","MYB","0","0","0","0","0","0","0","0","0","0","0","0","0","0","0"
"STATE_ORISSA","NAR","0","0","0","0","0","0","0","0","0","0","0","0","0","0","0"
"STATE_ORISSA","PTN","0","0","0","0","0","0","0","0","0","0","0","0","0","0","0"
"STATE_ORLEANS","FRA","0","0","0","0","0","0","0","0","0","0","0","0","0","0","0"
"STATE_OROMIA","ARS","0","0","0","0","0","0","0","0","0","0","0","0","0","0","0"
"STATE_OROMIA","HAR","0","0","0","0","0","0","0","0","0","0","0","0","0","0","0"
"STATE_OROMIA","OGD","0","0","0","0","0","0","0","0","0","0","0","0","0","0","0"
"STATE_OROMIA","SHW","0","0","0","0","0","0","0","0","0","0","0","0","0","0","0"
"STATE_ORYOL","RUS","0","0","0","0","0","0","0","0","0","0","0","0","0","0","0"
"STATE_OSTROBOTHNIA","FIN","0","0","0","0","0","0","0","0","0","0","0","0","0","0","0"
"STATE_OULU","FIN","0","0","0","0","0","0","0","0","0","0","0","0","0","0","0"
"STATE_OUTER_HAUSALAND","BOR","0","0","0","0","0","0","0","0","0","0","0","0","0","0","0"
"STATE_OUTER_HAUSALAND","HAU","0","0","0","0","0","0","0","0","0","0","0","0","0","0","0"
"STATE_OUTER_HAUSALAND","SOK","0","0","0","0","0","0","0","0","0","0","0","0","0","0","0"
"STATE_OUTER_MANCHURIA","CHI","0","0","0","0","0","0","0","0","0","0","0","0","0","0","0"
"STATE_PALESTINE","EGY","0","0","0","0","0","0","0","0","0","0","0","0","0","0","0"
"STATE_PANAMA","CLM","0","0","0","0","0","0","0","0","0","0","0","0","0","0","0"
"STATE_PARA","PRA","1","0","3","0","3","0","1","10","0","1","7","0","1","10","7"
"STATE_PARAIBA","BRZ","0","0","0","0","0","0","0","0","0","0","0","0","0","0","0"
"STATE_PARANA","BRZ","0","0","0","0","0","0","0","0","0","0","0","0","0","0","0"
"STATE_PASHTUNISTAN","CHT","0","0","0","0","0","0","0","0","0","0","0","0","0","0","0"
"STATE_PASHTUNISTAN","KAB","0","0","0","0","0","0","0","0","0","0","0","0","0","0","0"
"STATE_PASHTUNISTAN","PAN","0","0","0","0","0","0","0","0","0","0","0","0","0","0","0"
"STATE_PASTAZA","ECU","0","0","0","0","0","0","0","0","0","0","0","0","0","0","0"
"STATE_PASTAZA","NPU","0","0","0","0","0","0","0","0","0","0","0","0","0","0","0"
"STATE_PATAGONIA","PAT","0","0","0","0","0","0","0","0","0","0","0","0","0","0","0"
"STATE_PATAGONIA","THL","0","0","0","0","0","0","0","0","0","0","0","0","0","0","0"
"STATE_PEGU","BIC","1","0","0","0","0","0","0","0","0","0","0","0","0","0","0"
"STATE_PEGU","BUR","2","0","6","0","6","0","1","10","0","1","4","0","1","10","4"
"STATE_PEGU","DEN","1","0","0","0","0","0","0","0","0","0","0","0","0","0","0"
"STATE_PELOPONNESE","GRE","1","0","3","0","3","0","1","10","0","1","7","0","1","10","7"
"STATE_PENNSYLVANIA","USA","0","0","0","0","0","0","0","0","0","0","0","0","0","0","0"
"STATE_PERM","RUS","0","0","0","0","0","0","0","0","0","0","0","0","0","0","0"
"STATE_PERNAMBUCO","BRZ","1","0","3","0","3","0","1","10","0","1","7","0","1","10","7"
"STATE_PERSIAN_KURDISTAN","PER","0","0","0","0","0","0","0","0","0","0","0","0","0","0","0"
"STATE_PIAUI","BRZ","0","0","0","0","0","0","0","0","0","0","0","0","0","0","0"
"STATE_PICARDY","FRA","0","0","0","0","0","0","0","0","0","0","0","0","0","0","0"
"STATE_PIEDMONT","SAR","1","0","3","0","3","0","1","10","0","1","7","0","1","10","7"
"STATE_POITOU","FRA","1","0","3","0","3","0","1","10","0","1","7","0","1","10","7"
"STATE_POMERANIA","PRU","1","0","3","0","3","0","1","10","0","1","7","0","1","10","7"
"STATE_POSEN","PRU","0","0","0","0","0","0","0","0","0","0","0","0","0","0","0"
"STATE_POTOSI","BOL","0","0","0","0","0","0","0","0","0","0","0","0","0","0","0"
"STATE_PROVENCE","FRA","2","0","6","0","6","0","1","10","0","1","4","0","1","10","4"
"STATE_PROVENCE","SAR","0","0","0","0","0","0","0","0","0","0","0","0","0","0","0"
"STATE_PSKOV","RUS","0","0","0","0","0","0","0","0","0","0","0","0","0","0","0"
"STATE_PUERTO_RICO","PCO","1","0","0","0","0","0","0","0","0","0","0","0","0","0","0"
"STATE_PUNJAB","BHW","0","0","0","0","0","0","0","0","0","0","0","0","0","0","0"
"STATE_PUNJAB","PAN","0","0","0","0","0","0","0","0","0","0","0","0","0","0","0"
"STATE_PYONGYANG","KOR","0","0","0","0","0","0","0","0","0","0","0","0","0","0","0"
"STATE_QINGHAI","CHI","0","0","0","0","0","0","0","0","0","0","0","0","0","0","0"
"STATE_QUEBEC","HBC","0","0","0","0","0","0","0","0","0","0","0","0","0","0","0"
"STATE_QUEBEC","QUE","1","0","3","0","3","0","1","10","0","1","7","0","1","10","7"
"STATE_QUEENSLAND","ARR","0","0","0","0","0","0","0","0","0","0","0","0","0","0","0"
"STATE_QUEENSLAND","GRW","0","0","0","0","0","0","0","0","0","0","0","0","0","0","0"
"STATE_QUEENSLAND","KNC","0","0","0","0","0","0","0","0","0","0","0","0","0","0","0"
"STATE_QUEENSLAND","MRA","0","0","0","0","0","0","0","0","0","0","0","0","0","0","0"
"STATE_QUEENSLAND","NSW","0","0","0","0","0","0","0","0","0","0","0","0","0","0","0"
"STATE_QUEENSLAND","PAA","0","0","0","0","0","0","0","0","0","0","0","0","0","0","0"
"STATE_QUEENSLAND","PMA","0","0","0","0","0","0","0","0","0","0","0","0","0","0","0"
"STATE_QUEENSLAND","WDJ","0","0","0","0","0","0","0","0","0","0","0","0","0","0","0"
"STATE_QUEENSLAND","WKB","0","0","0","0","0","0","0","0","0","0","0","0","0","0","0"
"STATE_QUETTA","KAB","0","0","0","0","0","0","0","0","0","0","0","0","0","0","0"
"STATE_QUETTA","KAN","0","0","0","0","0","0","0","0","0","0","0","0","0","0","0"
"STATE_RAJPUTANA","ALW","0","0","0","0","0","0","0","0","0","0","0","0","0","0","0"
"STATE_RAJPUTANA","BIC","0","0","0","0","0","0","0","0","0","0","0","0","0","0","0"
"STATE_RAJPUTANA","BIK","0","0","0","0","0","0","0","0","0","0","0","0","0","0","0"
"STATE_RAJPUTANA","GWA","0","0","0","0","0","0","0","0","0","0","0","0","0","0","0"
"STATE_RAJPUTANA","IND","0","0","0","0","0","0","0","0","0","0","0","0","0","0","0"
"STATE_RAJPUTANA","JAI","0","0","0","0","0","0","0","0","0","0","0","0","0","0","0"
"STATE_RAJPUTANA","JAS","0","0","0","0","0","0","0","0","0","0","0","0","0","0","0"
"STATE_RAJPUTANA","JOD","0","0","0","0","0","0","0","0","0","0","0","0","0","0","0"
"STATE_RAJPUTANA","KOT","0","0","0","0","0","0","0","0","0","0","0","0","0","0","0"
"STATE_RAJPUTANA","MEW","0","0","0","0","0","0","0","0","0","0","0","0","0","0","0"
"STATE_RHINELAND","BAV","0","0","0","0","0","0","0","0","0","0","0","0","0","0","0"
"STATE_RHINELAND","PRU","0","0","0","0","0","0","0","0","0","0","0","0","0","0","0"
"STATE_RHODE_ISLAND","USA","0","0","0","0","0","0","0","0","0","0","0","0","0","0","0"
"STATE_RHONE","FRA","0","1","0","20","20","2","0","30","2","2","10","2","0","30","10"
"STATE_RIFT_VALLEY","LUO","0","0","0","0","0","0","0","0","0","0","0","0","0","0","0"
"STATE_RIFT_VALLEY","MSI","0","0","0","0","0","0","0","0","0","0","0","0","0","0","0"
"STATE_RIFT_VALLEY","TRK","0","0","0","0","0","0","0","0","0","0","0","0","0","0","0"
"STATE_RIGA","RUS","0","0","0","0","0","0","0","0","0","0","0","0","0","0","0"
"STATE_RIGA","UBD","2","0","6","0","6","0","1","10","0","1","4","0","1","10","4"
"STATE_RIO_DE_JANEIRO","BRZ","4","0","12","0","12","1","0","15","1","1","3","1","0","15","3"
"STATE_RIO_GRANDE","MEX","0","0","0","0","0","0","0","0","0","0","0","0","0","0","0"
"STATE_RIO_GRANDE_DO_NORTE","BRZ","0","0","0","0","0","0","0","0","0","0","0","0","0","0","0"
"STATE_RIO_GRANDE_DO_SUL","PNI","1","0","3","0","3","0","1","10","0","1","7","0","1","10","7"
"STATE_RIO_NEGRO","ARG","0","0","0","0","0","0","0","0","0","0","0","0","0","0","0"
"STATE_RIO_NEGRO","PAT","0","0","0","0","0","0","0","0","0","0","0","0","0","0","0"
"STATE_ROMAGNA","PAP","0","0","0","0","0","0","0","0","0","0","0","0","0","0","0"
"STATE_ROSTOV","RUS","0","0","0","0","0","0","0","0","0","0","0","0","0","0","0"
"STATE_RUHR","PRU","0","0","0","0","0","0","0","0","0","0","0","0","0","0","0"
"STATE_RUTHENIA","HUN","0","0","0","0","0","0","0","0","0","0","0","0","0","0","0"
"STATE_RYAZAN","RUS","0","0","0","0","0","0","0","0","0","0","0","0","0","0","0"
"STATE_RYUKYU_ISLANDS","JAP","0","0","0","0","0","0","0","0","0","0","0","0","0","0","0"
"STATE_RYUKYU_ISLANDS","RYU","0","0","0","0","0","0","0","0","0","0","0","0","0","0","0"
"STATE_SAHARA","CMB","0","0","0","0","0","0","0","0","0","0","0","0","0","0","0"
"STATE_SAHARA","MZB","0","0","0","0","0","0","0","0","0","0","0","0","0","0","0"
"STATE_SAHARA","RGB","0","0","0","0","0","0","0","0","0","0","0","0","0","0","0"
"STATE_SAHARA","TEK","0","0","0","0","0","0","0","0","0","0","0","0","0","0","0"
"STATE_SAHARA","TUA","0","0","0","0","0","0","0","0","0","0","0","0","0","0","0"
"STATE_SAKHALIN","AIN","0","0","0","0","0","0","0","0","0","0","0","0","0","0","0"
"STATE_SAKHALIN","ALK","1","0","0","0","0","0","0","0","0","0","0","0","0","0","0"
"STATE_SAKHALIN","EZO","0","0","0","0","0","0","0","0","0","0","0","0","0","0","0"
"STATE_SAKHALIN","SKH","0","0","0","0","0","0","0","0","0","0","0","0","0","0","0"
"STATE_SAKHALIN","ULT","0","0","0","0","0","0","0","0","0","0","0","0","0","0","0"
"STATE_SAMARA","KZH","0","0","0","0","0","0","0","0","0","0","0","0","0","0","0"
"STATE_SAMARA","RUS","0","0","0","0","0","0","0","0","0","0","0","0","0","0","0"
"STATE_SAN_SALVADOR","UCA","0","0","0","0","0","0","0","0","0","0","0","0","0","0","0"
"STATE_SANTA_CATARINA","BRZ","0","0","0","0","0","0","0","0","0","0","0","0","0","0","0"
"STATE_SANTA_CRUZ","BOL","0","0","0","0","0","0","0","0","0","0","0","0","0","0","0"
"STATE_SANTA_FE","ARG","0","0","0","0","0","0","0","0","0","0","0","0","0","0","0"
"STATE_SANTA_FE","GNI","0","0","0","0","0","0","0","0","0","0","0","0","0","0","0"
"STATE_SANTIAGO","CHL","1","0","3","0","3","0","1","10","0","1","7","0","1","10","7"
"STATE_SANTO_DOMINGO","HAI","1","0","3","0","3","0","1","10","0","1","7","0","1","10","7"
"STATE_SAO_PAULO","BRZ","0","0","0","0","0","0","0","0","0","0","0","0","0","0","0"
"STATE_SARDINIA","SAR","1","0","3","0","3","0","1","10","0","1","7","0","1","10","7"
"STATE_SARIWON","KOR","0","0","0","0","0","0","0","0","0","0","0","0","0","0","0"
"STATE_SASKATCHEWAN","HBC","0","0","0","0","0","0","0","0","0","0","0","0","0","0","0"
"STATE_SASKATCHEWAN","IRC","0","0","0","0","0","0","0","0","0","0","0","0","0","0","0"
"STATE_SAVOY","SAR","0","0","0","0","0","0","0","0","0","0","0","0","0","0","0"
"STATE_SAXONY","COB","0","0","0","0","0","0","0","0","0","0","0","0","0","0","0"
"STATE_SAXONY","MEI","0","0","0","0","0","0","0","0","0","0","0","0","0","0","0"
"STATE_SAXONY","SAX","0","0","0","0","0","0","0","0","0","0","0","0","0","0","0"
"STATE_SAXONY","SCW","0","0","0","0","0","0","0","0","0","0","0","0","0","0","0"
"STATE_SAXONY","WEI","0","0","0","0","0","0","0","0","0","0","0","0","0","0","0"
"STATE_SCANIA","SWE","1","0","3","0","3","0","1","10","0","1","7","0","1","10","7"
"STATE_SCHLESWIG_HOLSTEIN","HOL","0","0","0","0","0","0","0","0","0","0","0","0","0","0","0"
"STATE_SCHLESWIG_HOLSTEIN","LUB","1","0","3","0","3","0","1","10","0","1","7","0","1","10","7"
"STATE_SCHLESWIG_HOLSTEIN","SCH","0","0","0","0","0","0","0","0","0","0","0","0","0","0","0"
"STATE_SEMIRECHE","OZH","0","0","0","0","0","0","0","0","0","0","0","0","0","0","0"
"STATE_SEMNAN","PER","0","0","0","0","0","0","0","0","0","0","0","0","0","0","0"
"STATE_SENEGAL","BND","0","0","0","0","0","0","0","0","0","0","0","0","0","0","0"
"STATE_SENEGAL","CAY","0","0","0","0","0","0","0","0","0","0","0","0","0","0","0"
"STATE_SENEGAL","DIO","0","0","0","0","0","0","0","0","0","0","0","0","0","0","0"
"STATE_SENEGAL","FRA","1","0","0","0","0","0","0","0","0","0","0","0","0","0","0"
"STATE_SENEGAL","FTR","0","0","0","0","0","0","0","0","0","0","0","0","0","0","0"
"STATE_SENEGAL","JLF","0","0","0","0","0","0","0","0","0","0","0","0","0","0","0"
"STATE_SENEGAL","KBU","0","0","0","0","0","0","0","0","0","0","0","0","0","0","0"
"STATE_SENEGAL","POR","0","0","0","0","0","0","0","0","0","0","0","0","0","0","0"
"STATE_SENEGAL","SIL","1","0","0","0","0","0","0","0","0","0","0","0","0","0","0"
"STATE_SENEGAL","SRR","0","0","0","0","0","0","0","0","0","0","0","0","0","0","0"
"STATE_SEOUL","KOR","0","0","0","0","0","0","0","0","0","0","0","0","0","0","0"
"STATE_SHAN_STATES","BUR","0","0","0","0","0","0","0","0","0","0","0","0","0","0","0"
"STATE_SHAN_STATES","SHS","0","0","0","0","0","0","0","0","0","0","0","0","0","0","0"
"STATE_SHANDONG","CHI","1","0","3","0","3","0","1","10","0","1","7","0","1","10","7"
"STATE_SHANXI","CHI","0","0","0","0","0","0","0","0","0","0","0","0","0","0","0"
"STATE_SHAOZHOU","CHI","1","0","3","0","3","0","1","10","0","1","7","0","1","10","7"
"STATE_SHENGJING","CHI","0","0","0","0","0","0","0","0","0","0","0","0","0","0","0"
"STATE_SHIKOKU","JAP","0","0","0","0","0","0","0","0","0","0","0","0","0","0","0"
"STATE_SICHUAN","CHI","0","0","0","0","0","0","0","0","0","0","0","0","0","0","0"
"STATE_SICILY","SIC","2","0","6","0","6","0","1","10","0","1","4","0","1","10","4"
"STATE_SIERRA_LEONE","MDK","0","0","0","0","0","0","0","0","0","0","0","0","0","0","0"
"STATE_SIERRA_LEONE","SIL","1","0","0","0","0","0","0","0","0","0","0","0","0","0","0"
"STATE_SIERRA_LEONE","TMN","0","0","0","0","0","0","0","0","0","0","0","0","0","0","0"
"STATE_SINAI","EGY","0","0","0","0","0","0","0","0","0","0","0","0","0","0","0"
"STATE_SINALOA","MEX","0","0","0","0","0","0","0","0","0","0","0","0","0","0","0"
"STATE_SINDH","SIN","0","0","0","0","0","0","0","0","0","0","0","0","0","0","0"
"STATE_SISTAN","KAN","0","0","0","0","0","0","0","0","0","0","0","0","0","0","0"
"STATE_SISTAN","MAK","0","0","0","0","0","0","0","0","0","0","0","0","0","0","0"
"STATE_SISTAN","OMA","1","0","0","0","0","0","0","0","0","0","0","0","0","0","0"
"STATE_SKOPIA","TUR","0","0","0","0","0","0","0","0","0","0","0","0","0","0","0"
"STATE_SLAVONIA","CRO","0","0","0","0","0","0","0","0","0","0","0","0","0","0","0"
"STATE_SLOVAKIA","HUN","0","0","0","0","0","0","0","0","0","0","0","0","0","0","0"
"STATE_SLOVENIA","AUS","0","0","0","0","0","0","0","0","0","0","0","0","0","0","0"
"STATE_SMOLENSK","RUS","0","0","0","0","0","0","0","0","0","0","0","0","0","0","0"
"STATE_SOLOMON_ISLANDS","BLA","0","0","0","0","0","0","0","0","0","0","0","0","0","0","0"
"STATE_SOMALILAND","GLD","0","0","0","0","0","0","0","0","0","0","0","0","0","0","0"
"STATE_SOMALILAND","ISQ","0","0","0","0","0","0","0","0","0","0","0","0","0","0","0"
"STATE_SOMALILAND","MJT","0","0","0","0","0","0","0","0","0","0","0","0","0","0","0"
"STATE_SOMALILAND","WSG","0","0","0","0","0","0","0","0","0","0","0","0","0","0","0"
"STATE_SONORA","MEX","0","0","0","0","0","0","0","0","0","0","0","0","0","0","0"
"STATE_SOUTH_ANGOLA","HRO","0","0","0","0","0","0","0","0","0","0","0","0","0","0","0"
"STATE_SOUTH_ANGOLA","OVB","0","0","0","0","0","0","0","0","0","0","0","0","0","0","0"
"STATE_SOUTH_ANGOLA","OVM","0","0","0","0","0","0","0","0","0","0","0","0","0","0","0"
"STATE_SOUTH_ANGOLA","POR","0","0","0","0","0","0","0","0","0","0","0","0","0","0","0"
"STATE_SOUTH_ATLANTIC_ISLANDS","GBR","1","0","0","0","0","0","0","0","0","0","0","0","0","0","0"
"STATE_SOUTH_AUSTRALIA","KAU","0","0","0","0","0","0","0","0","0","0","0","0","0","0","0"
"STATE_SOUTH_AUSTRALIA","KLN","0","0","0","0","0","0","0","0","0","0","0","0","0","0","0"
"STATE_SOUTH_AUSTRALIA","KNC","0","0","0","0","0","0","0","0","0","0","0","0","0","0","0"
"STATE_SOUTH_AUSTRALIA","MRN","0","0","0","0","0","0","0","0","0","0","0","0","0","0","0"
"STATE_SOUTH_AUSTRALIA","PAA","0","0","0","0","0","0","0","0","0","0","0","0","0","0","0"
"STATE_SOUTH_AUSTRALIA","SAS","1","0","3","0","3","0","1","10","0","1","7","0","1","10","7"
"STATE_SOUTH_AUSTRALIA","WTI","0","0","0","0","0","0","0","0","0","0","0","0","0","0","0"
"STATE_SOUTH_AUSTRALIA","YUR","0","0","0","0","0","0","0","0","0","0","0","0","0","0","0"
"STATE_SOUTH_CAMEROON","DLA","0","0","0","0","0","0","0","0","0","0","0","0","0","0","0"
"STATE_SOUTH_CAMEROON","FNG","0","0","0","0","0","0","0","0","0","0","0","0","0","0","0"
"STATE_SOUTH_CAMEROON","POR","1","0","0","0","0","0","0","0","0","0","0","0","0","0","0"
"STATE_SOUTH_CAMEROON","SIL","1","0","0","0","0","0","0","0","0","0","0","0","0","0","0"
"STATE_SOUTH_CAROLINA","USA","1","0","3","0","3","0","1","10","0","1","7","0","1","10","7"
"STATE_SOUTH_DAKOTA","LKT","0","0","0","0","0","0","0","0","0","0","0","0","0","0","0"
"STATE_SOUTH_DAKOTA","USA","0","0","0","0","0","0","0","0","0","0","0","0","0","0","0"
"STATE_SOUTH_ISLAND","NTO","0","0","0","0","0","0","0","0","0","0","0","0","0","0","0"
"STATE_SOUTH_ISLAND","NTU","0","0","0","0","0","0","0","0","0","0","0","0","0","0","0"
"STATE_SOUTH_MADAGASCAR","MAD","0","0","0","0","0","0","0","0","0","0","0","0","0","0","0"
"STATE_SOUTH_SUMATRA","DEI","0","0","0","0","0","0","0","0","0","0","0","0","0","0","0"
"STATE_SOUTH_TYROL","AUS","0","0","0","0","0","0","0","0","0","0","0","0","0","0","0"
"STATE_SOUTHERN_ANHUI","CHI","0","0","0","0","0","0","0","0","0","0","0","0","0","0","0"
"STATE_SOUTHERN_MANCHURIA","CHI","0","0","0","0","0","0","0","0","0","0","0","0","0","0","0"
"STATE_SOUTHERN_TRANSYLVANIA","TRS","0","0","0","0","0","0","0","0","0","0","0","0","0","0","0"
"STATE_STAVROPOL","RUS","0","0","0","0","0","0","0","0","0","0","0","0","0","0","0"
"STATE_STYRIA","AUS","0","0","0","0","0","0","0","0","0","0","0","0","0","0","0"
"STATE_SUNDA_ISLANDS","BAL","0","0","0","0","0","0","0","0","0","0","0","0","0","0","0"
"STATE_SUNDA_ISLANDS","DEI","1","0","0","0","0","0","0","0","0","0","0","0","0","0","0"
"STATE_SUNDA_ISLANDS","POR","1","0","0","0","0","0","0","0","0","0","0","0","0","0","0"
"STATE_SURGUT","RUS","0","0","0","0","0","0","0","0","0","0","0","0","0","0","0"
"STATE_SUZHOU","CHI","1","0","3","0","3","0","1","10","0","1","7","0","1","10","7"
"STATE_SVEALAND","SWE","1","0","3","0","3","0","1","10","0","1","7","0","1","10","7"
"STATE_SYRDARYA","KOK","0","0","0","0","0","0","0","0","0","0","0","0","0","0","0"
"STATE_SYRDARYA","KZH","0","0","0","0","0","0","0","0","0","0","0","0","0","0","0"
"STATE_SYRDARYA","OZH","0","0","0","0","0","0","0","0","0","0","0","0","0","0","0"
"STATE_SYRDARYA","UZH","0","0","0","0","0","0","0","0","0","0","0","0","0","0","0"
"STATE_SYRIA","EGY","0","0","0","0","0","0","0","0","0","0","0","0","0","0","0"
"STATE_TABRIZ","PER","0","0","0","0","0","0","0","0","0","0","0","0","0","0","0"
"STATE_TAHITI","PLY","1","0","0","0","0","0","0","0","0","0","0","0","0","0","0"
"STATE_TAJIKISTAN","BUK","0","0","0","0","0","0","0","0","0","0","0","0","0","0","0"
"STATE_TAJIKISTAN","KOK","0","0","0","0","0","0","0","0","0","0","0","0","0","0","0"
"STATE_TALINN","UBD","1","0","3","0","3","0","1","10","0","1","7","0","1","10","7"
"STATE_TAMBOV","RUS","0","0","0","0","0","0","0","0","0","0","0","0","0","0","0"
"STATE_TANGANYIKA","BRD","0","0","0","0","0","0","0","0","0","0","0","0","0","0","0"
"STATE_TANGANYIKA","KRG","0","0","0","0","0","0","0","0","0","0","0","0","0","0","0"
"STATE_TANGANYIKA","MSI","0","0","0","0","0","0","0","0","0","0","0","0","0","0","0"
"STATE_TANGANYIKA","NYM","0","0","0","0","0","0","0","0","0","0","0","0","0","0","0"
"STATE_TANGANYIKA","RWD","0","0","0","0","0","0","0","0","0","0","0","0","0","0","0"
"STATE_TANGANYIKA","SKM","0","0","0","0","0","0","0","0","0","0","0","0","0","0","0"
"STATE_TARAPACA","SPU","0","0","0","0","0","0","0","0","0","0","0","0","0","0","0"
"STATE_TARTARIA","RUS","0","0","0","0","0","0","0","0","0","0","0","0","0","0","0"
"STATE_TARTU","UBD","1","0","3","0","3","0","1","10","0","1","7","0","1","10","7"
"STATE_TASMANIA","TAS","0","0","0","0","0","0","0","0","0","0","0","0","0","0","0"
"STATE_TAURIDA","RUS","0","0","0","0","0","0","0","0","0","0","0","0","0","0","0"
"STATE_TENASSERIM","BIC","1","0","0","0","0","0","0","0","0","0","0","0","0","0","0"
"STATE_TENASSERIM","SIA","0","0","0","0","0","0","0","0","0","0","0","0","0","0","0"
"STATE_TENNESSEE","USA","0","0","0","0","0","0","0","0","0","0","0","0","0","0","0"
"STATE_TEXAS","COM","0","0","0","0","0","0","0","0","0","0","0","0","0","0","0"
"STATE_TEXAS","MEX","0","0","0","0","0","0","0","0","0","0","0","0","0","0","0"
"STATE_TEXAS","TEX","0","0","0","0","0","0","0","0","0","0","0","0","0","0","0"
"STATE_THESSALIA","TUR","0","0","0","0","0","0","0","0","0","0","0","0","0","0","0"
"STATE_TIANSHAN","CHI","0","0","0","0","0","0","0","0","0","0","0","0","0","0","0"
"STATE_TIMBUKTU","ADG","0","0","0","0","0","0","0","0","0","0","0","0","0","0","0"
"STATE_TIMBUKTU","ADR","0","0","0","0","0","0","0","0","0","0","0","0","0","0","0"
"STATE_TIMBUKTU","ATR","0","0","0","0","0","0","0","0","0","0","0","0","0","0","0"
"STATE_TIMBUKTU","MSN","0","0","0","0","0","0","0","0","0","0","0","0","0","0","0"
"STATE_TIMBUKTU","OUA","0","0","0","0","0","0","0","0","0","0","0","0","0","0","0"
"STATE_TIMBUKTU","RGB","0","0","0","0","0","0","0","0","0","0","0","0","0","0","0"
"STATE_TOBOLSK","RUS","0","0","0","0","0","0","0","0","0","0","0","0","0","0","0"
"STATE_TOGO","ASH","0","0","0","0","0","0","0","0","0","0","0","0","0","0","0"
"STATE_TOGO","EWE","0","0","0","0","0","0","0","0","0","0","0","0","0","0","0"
"STATE_TOHOKU","JAP","0","0","0","0","0","0","0","0","0","0","0","0","0","0","0"
"STATE_TOKAI","JAP","0","0","0","0","0","0","0","0","0","0","0","0","0","0","0"
"STATE_TOMSK","RUS","0","0","0","0","0","0","0","0","0","0","0","0","0","0","0"
"STATE_TONGA","TNG","0","0","0","0","0","0","0","0","0","0","0","0","0","0","0"
"STATE_TONKIN","DAI","0","0","0","0","0","0","0","0","0","0","0","0","0","0","0"
"STATE_TONKIN","SCT","0","0","0","0","0","0","0","0","0","0","0","0","0","0","0"
"STATE_TRABZON","TUR","1","0","3","0","3","0","1","10","0","1","7","0","1","10","7"
"STATE_TRANS_BAIKAL","RUS","0","0","0","0","0","0","0","0","0","0","0","0","0","0","0"
"STATE_TRANSDANUBIA","HUN","0","0","0","0","0","0","0","0","0","0","0","0","0","0","0"
"STATE_TRANSJORDAN","EGY","0","0","0","0","0","0","0","0","0","0","0","0","0","0","0"
"STATE_TRANSVAAL","MTB","0","0","0","0","0","0","0","0","0","0","0","0","0","0","0"
"STATE_TRANSVAAL","PDI","0","0","0","0","0","0","0","0","0","0","0","0","0","0","0"
"STATE_TRANSVAAL","SWZ","0","0","0","0","0","0","0","0","0","0","0","0","0","0","0"
"STATE_TRANSVAAL","TRN","0","0","0","0","0","0","0","0","0","0","0","0","0","0","0"
"STATE_TRANSVAAL","VND","0","0","0","0","0","0","0","0","0","0","0","0","0","0","0"
"STATE_TRAVANCORE","BIC","0","0","0","0","0","0","0","0","0","0","0","0","0","0","0"
"STATE_TRAVANCORE","COC","0","0","0","0","0","0","0","0","0","0","0","0","0","0","0"
"STATE_TRAVANCORE","TRA","0","0","0","0","0","0","0","0","0","0","0","0","0","0","0"
"STATE_TRIPOLI","FZN","0","0","0","0","0","0","0","0","0","0","0","0","0","0","0"
"STATE_TRIPOLI","TRI","1","0","0","0","0","0","0","0","0","0","0","0","0","0","0"
"STATE_TRIPOLI","ZWY","0","0","0","0","0","0","0","0","0","0","0","0","0","0","0"
"STATE_TUCUMAN","ARG","0","0","0","0","0","0","0","0","0","0","0","0","0","0","0"
"STATE_TUNISIA","TUN","1","0","3","0","3","0","1","10","0","1","7","0","1","10","7"
"STATE_TURKMENIA","KHI","0","0","0","0","0","0","0","0","0","0","0","0","0","0","0"
"STATE_TURKMENIA","TRM","0","0","0","0","0","0","0","0","0","0","0","0","0","0","0"
"STATE_TUSCANY","TUS","2","0","6","0","6","0","1","10","0","1","4","0","1","10","4"
"STATE_TUVA","CHI","0","0","0","0","0","0","0","0","0","0","0","0","0","0","0"
"STATE_TVER","RUS","0","0","0","0","0","0","0","0","0","0","0","0","0","0","0"
"STATE_TYROL","AUS","0","0","0","0","0","0","0","0","0","0","0","0","0","0","0"
"STATE_UBANGI_SHARI","DAK","0","0","0","0","0","0","0","0","0","0","0","0","0","0","0"
"STATE_UBANGI_SHARI","ZND","0","0","0","0","0","0","0","0","0","0","0","0","0","0","0"
"STATE_UFA","RUS","0","0","0","0","0","0","0","0","0","0","0","0","0","0","0"
"STATE_UGANDA","ACH","0","0","0","0","0","0","0","0","0","0","0","0","0","0","0"
"STATE_UGANDA","ANK","0","0","0","0","0","0","0","0","0","0","0","0","0","0","0"
"STATE_UGANDA","BNY","0","0","0","0","0","0","0","0","0","0","0","0","0","0","0"
"STATE_UGANDA","BUG","0","0","0","0","0","0","0","0","0","0","0","0","0","0","0"
"STATE_ULIASTAI","CHI","0","0","0","0","0","0","0","0","0","0","0","0","0","0","0"
"STATE_ULSTER","GBR","1","0","3","0","3","0","1","10","0","1","7","0","1","10","7"
"STATE_UMBRIA","PAP","0","0","0","0","0","0","0","0","0","0","0","0","0","0","0"
"STATE_UPPER_ANDALUSIA","GBR","2","0","6","0","6","0","1","10","0","1","4","0","1","10","4"
"STATE_UPPER_ANDALUSIA","SPA","0","0","0","0","0","0","0","0","0","0","0","0","0","0","0"
"STATE_UPPER_EGYPT","EGY","0","0","0","0","0","0","0","0","0","0","0","0","0","0","0"
"STATE_UPPER_SILESIA","PRU","0","0","0","0","0","0","0","0","0","0","0","0","0","0","0"
"STATE_UPPER_YENISEYSK","RUS","0","0","0","0","0","0","0","0","0","0","0","0","0","0","0"
"STATE_URAL","RUS","0","0","0","0","0","0","0","0","0","0","0","0","0","0","0"
"STATE_URALSK","KZH","0","0","0","0","0","0","0","0","0","0","0","0","0","0","0"
"STATE_URALSK","RUS","0","0","0","0","0","0","0","0","0","0","0","0","0","0","0"
"STATE_URALSK","TRM","0","0","0","0","0","0","0","0","0","0","0","0","0","0","0"
"STATE_URGA","CHI","0","0","0","0","0","0","0","0","0","0","0","0","0","0","0"
"STATE_URMIA","PER","0","0","0","0","0","0","0","0","0","0","0","0","0","0","0"
"STATE_URUGUAY","URU","1","0","0","0","0","0","0","0","0","0","0","0","0","0","0"
"STATE_UTAH","MEX","0","0","0","0","0","0","0","0","0","0","0","0","0","0","0"
"STATE_UTAH","NVJ","0","0","0","0","0","0","0","0","0","0","0","0","0","0","0"
"STATE_UTAH","UTE","0","0","0","0","0","0","0","0","0","0","0","0","0","0","0"
"STATE_UUSIMAA","FIN","1","0","3","0","3","0","1","10","0","1","7","0","1","10","7"
"STATE_UZBEKIA","BUK","0","0","0","0","0","0","0","0","0","0","0","0","0","0","0"
"STATE_VALENCIA","SPA","1","0","3","0","3","0","1","10","0","1","7","0","1","10","7"
"STATE_VANUATU","VNT","0","0","0","0","0","0","0","0","0","0","0","0","0","0","0"
"STATE_VENETIA","AUS","2","0","6","0","6","0","1","10","0","1","4","0","1","10","4"
"STATE_VERACRUZ","MEX","1","0","3","0","3","0","1","10","0","1","7","0","1","10","7"
"STATE_VERMONT","USA","0","0","0","0","0","0","0","0","0","0","0","0","0","0","0"
"STATE_VICTORIA","KLN","0","0","0","0","0","0","0","0","0","0","0","0","0","0","0"
"STATE_VICTORIA","KRI","0","0","0","0","0","0","0","0","0","0","0","0","0","0","0"
"STATE_VICTORIA","NSW","1","0","3","0","3","0","1","10","0","1","7","0","1","10","7"
"STATE_VILNIUS","RUS","0","0","0","0","0","0","0","0","0","0","0","0","0","0","0"
"STATE_VIRGINIA","USA","3","0","9","0","9","0","1","10","0","1","1","0","1","10","1"
"STATE_VISAYAS","PHI","0","0","0","0","0","0","0","0","0","0","0","0","0","0","0"
"STATE_VITEBSK","RUS","0","0","0","0","0","0","0","0","0","0","0","0","0","0","0"
"STATE_VOLHYNIA","RUS","0","0","0","0","0","0","0","0","0","0","0","0","0","0","0"
"STATE_VOLTA","KNG","0","0","0","0","0","0","0","0","0","0","0","0","0","0","0"
"STATE_VOLTA","MOS","0","0","0","0","0","0","0","0","0","0","0","0","0","0","0"
"STATE_VRYSTAAT","BST","0","0","0","0","0","0","0","0","0","0","0","0","0","0","0"
"STATE_VRYSTAAT","ORA","0","0","0","0","0","0","0","0","0","0","0","0","0","0","0"
"STATE_VRYSTAAT","PHL","0","0","0","0","0","0","0","0","0","0","0","0","0","0","0"
"STATE_VYATKA","RUS","0","0","0","0","0","0","0","0","0","0","0","0","0","0","0"
"STATE_WADDAI","BGI","0","0","0","0","0","0","0","0","0","0","0","0","0","0","0"
"STATE_WADDAI","BOR","0","0","0","0","0","0","0","0","0","0","0","0","0","0","0"
"STATE_WADDAI","WAD","0","0","0","0","0","0","0","0","0","0","0","0","0","0","0"
"STATE_WALES","GBR","0","0","0","0","0","0","0","0","0","0","0","0","0","0","0"
"STATE_WALLACHIA","WAL","0","0","0","0","0","0","0","0","0","0","0","0","0","0","0"
"STATE_WALLONIA","BEL","0","1","0","20","20","2","0","30","2","2","10","2","0","30","10"
"STATE_WALLONIA","LUX","0","0","0","0","0","0","0","0","0","0","0","0","0","0","0"
"STATE_WASHINGTON","ORG","1","0","0","0","0","0","0","0","0","0","0","0","0","0","0"
"STATE_WEST_AEGEAN_ISLANDS","GRE","0","0","0","0","0","0","0","0","0","0","0","0","0","0","0"
"STATE_WEST_BENGAL","BIC","7","0","21","0","21","1","1","25","1","2","4","1","1","25","4"
"STATE_WEST_BENGAL","COO","0","0","0","0","0","0","0","0","0","0","0","0","0","0","0"
"STATE_WEST_BORNEO","DEI","0","0","0","0","0","0","0","0","0","0","0","0","0","0","0"
"STATE_WEST_BORNEO","LAN","1","0","0","0","0","0","0","0","0","0","0","0","0","0","0"
"STATE_WEST_BORNEO","PON","1","0","0","0","0","0","0","0","0","0","0","0","0","0","0"
"STATE_WEST_BORNEO","SMB","1","0","0","0","0","0","0","0","0","0","0","0","0","0","0"
"STATE_WEST_BORNEO","STG","0","0","0","0","0","0","0","0","0","0","0","0","0","0","0"
"STATE_WEST_COUNTRY","GBR","4","0","12","0","12","1","0","15","1","1","3","1","0","15","3"
"STATE_WEST_GALICIA","AUS","0","0","0","0","0","0","0","0","0","0","0","0","0","0","0"
"STATE_WEST_GALICIA","KRA","0","0","0","0","0","0","0","0","0","0","0","0","0","0","0"
"STATE_WEST_INDIES","DEN","1","0","0","0","0","0","0","0","0","0","0","0","0","0","0"
"STATE_WEST_INDIES","FRA","1","0","0","0","0","0","0","0","0","0","0","0","0","0","0"
"STATE_WEST_INDIES","GBR","1","0","0","0","0","0","0","0","0","0","0","0","0","0","0"
"STATE_WEST_INDIES","NET","1","0","0","0","0","0","0","0","0","0","0","0","0","0","0"
"STATE_WEST_INDIES","VNZ","1","0","0","0","0","0","0","0","0","0","0","0","0","0","0"
"STATE_WEST_JAVA","DEI","1","0","3","0","3","0","1","10","0","1","7","0","1","10","7"
"STATE_WEST_KARELIA","FIN","1","0","3","0","3","0","1","10","0","1","7","0","1","10","7"
"STATE_WEST_MICRONESIA","MCR","0","0","0","0","0","0","0","0","0","0","0","0","0","0","0"
"STATE_WEST_MICRONESIA","PHI","1","0","0","0","0","0","0","0","0","0","0","0","0","0","0"
"STATE_WEST_PRUSSIA","PRU","1","0","3","0","3","0","1","10","0","1","7","0","1","10","7"
"STATE_WEST_SAHARA","DLM","0","0","0","0","0","0","0","0","0","0","0","0","0","0","0"
"STATE_WEST_SAHARA","RGB","0","0","0","0","0","0","0","0","0","0","0","0","0","0","0"
"STATE_WEST_SAHARA","TEK","0","0","0","0","0","0","0","0","0","0","0","0","0","0","0"
"STATE_WEST_SWITZERLAND","SWI","0","0","0","0","0","0","0","0","0","0","0","0","0","0","0"
"STATE_WEST_VIRGINIA","USA","0","0","0","0","0","0","0","0","0","0","0","0","0","0","0"
"STATE_WESTERN_AUSTRALIA","KTU","0","0","0","0","0","0","0","0","0","0","0","0","0","0","0"
"STATE_WESTERN_AUSTRALIA","KYN","0","0","0","0","0","0","0","0","0","0","0","0","0","0","0"
"STATE_WESTERN_AUSTRALIA","MRN","0","0","0","0","0","0","0","0","0","0","0","0","0","0","0"
"STATE_WESTERN_AUSTRALIA","NNG","0","0","0","0","0","0","0","0","0","0","0","0","0","0","0"
"STATE_WESTERN_AUSTRALIA","NYP","0","0","0","0","0","0","0","0","0","0","0","0","0","0","0"
"STATE_WESTERN_AUSTRALIA","WAS","1","0","3","0","3","0","1","10","0","1","7","0","1","10","7"
"STATE_WESTERN_AUSTRALIA","WRR","0","0","0","0","0","0","0","0","0","0","0","0","0","0","0"
"STATE_WESTERN_AUSTRALIA","WTI","0","0","0","0","0","0","0","0","0","0","0","0","0","0","0"
"STATE_WESTERN_CUBA","CUB","2","0","6","0","6","0","1","10","0","1","4","0","1","10","4"
"STATE_WESTERN_HUBEI","CHI","0","0","0","0","0","0","0","0","0","0","0","0","0","0","0"
"STATE_WESTERN_MALI","KRT","0","0","0","0","0","0","0","0","0","0","0","0","0","0","0"
"STATE_WESTERN_MALI","SGU","0","0","0","0","0","0","0","0","0","0","0","0","0","0","0"
"STATE_WESTERN_NEW_GUINEA","PPU","0","0","0","0","0","0","0","0","0","0","0","0","0","0","0"
"STATE_WESTERN_NEW_GUINEA","TID","1","0","0","0","0","0","0","0","0","0","0","0","0","0","0"
"STATE_WESTERN_NORWAY","NOR","1","0","3","0","3","0","1","10","0","1","7","0","1","10","7"
"STATE_WESTERN_SERBIA","SER","0","0","0","0","0","0","0","0","0","0","0","0","0","0","0"
"STATE_WESTERN_SERBIA","TUR","0","0","0","0","0","0","0","0","0","0","0","0","0","0","0"
"STATE_WESTERN_THRACE","TUR","1","0","3","0","3","0","1","10","0","1","7","0","1","10","7"
"STATE_WESTPHALIA","LIP","0","0","0","0","0","0","0","0","0","0","0","0","0","0","0"
"STATE_WESTPHALIA","PRU","0","0","0","0","0","0","0","0","0","0","0","0","0","0","0"
"STATE_WESTPHALIA","SCM","0","0","0","0","0","0","0","0","0","0","0","0","0","0","0"
"STATE_WINDWARD_COAST","BLE","0","0","0","0","0","0","0","0","0","0","0","0","0","0","0"
"STATE_WINDWARD_COAST","KBD","0","0","0","0","0","0","0","0","0","0","0","0","0","0","0"
"STATE_WINDWARD_COAST","KRU","0","0","0","0","0","0","0","0","0","0","0","0","0","0","0"
"STATE_WISCONSIN","USA","0","0","0","0","0","0","0","0","0","0","0","0","0","0","0"
"STATE_WURTTEMBERG","HOH","0","0","0","0","0","0","0","0","0","0","0","0","0","0","0"
"STATE_WURTTEMBERG","WUR","0","0","0","0","0","0","0","0","0","0","0","0","0","0","0"
"STATE_WYOMING","ABS","0","0","0","0","0","0","0","0","0","0","0","0","0","0","0"
"STATE_WYOMING","ARP","0","0","0","0","0","0","0","0","0","0","0","0","0","0","0"
"STATE_WYOMING","BNN","0","0","0","0","0","0","0","0","0","0","0","0","0","0","0"
"STATE_WYOMING","LKT","0","0","0","0","0","0","0","0","0","0","0","0","0","0","0"
"STATE_WYOMING","SLS","0","0","0","0","0","0","0","0","0","0","0","0","0","0","0"
"STATE_WYOMING","USA","0","0","0","0","0","0","0","0","0","0","0","0","0","0","0"
"STATE_XIAN","CHI","0","0","0","0","0","0","0","0","0","0","0","0","0","0","0"
"STATE_YAKUTSK","RUS","0","0","0","0","0","0","0","0","0","0","0","0","0","0","0"
"STATE_YANGHO","KOR","0","0","0","0","0","0","0","0","0","0","0","0","0","0","0"
"STATE_YAROSLAVL","RUS","0","0","0","0","0","0","0","0","0","0","0","0","0","0","0"
"STATE_YEMEN","HDJ","0","0","0","0","0","0","0","0","0","0","0","0","0","0","0"
"STATE_YEMEN","KAT","0","0","0","0","0","0","0","0","0","0","0","0","0","0","0"
"STATE_YEMEN","LAH","1","0","0","0","0","0","0","0","0","0","0","0","0","0","0"
"STATE_YEMEN","MAH","0","0","0","0","0","0","0","0","0","0","0","0","0","0","0"
"STATE_YEMEN","ZAI","0","0","0","0","0","0","0","0","0","0","0","0","0","0","0"
"STATE_YORKSHIRE","GBR","2","4","6","80","86","6","0","90","6","6","4","6","0","90","4"
"STATE_YORUBA_STATES","OYO","0","0","0","0","0","0","0","0","0","0","0","0","0","0","0"
"STATE_YUCATAN","MEX","0","0","0","0","0","0","0","0","0","0","0","0","0","0","0"
"STATE_YUKON_TERRITORY","ATB","0","0","0","0","0","0","0","0","0","0","0","0","0","0","0"
"STATE_YUKON_TERRITORY","HBC","0","0","0","0","0","0","0","0","0","0","0","0","0","0","0"
"STATE_YUNNAN","CHI","0","0","0","0","0","0","0","0","0","0","0","0","0","0","0"
"STATE_ZACATECAS","MEX","0","0","0","0","0","0","0","0","0","0","0","0","0","0","0"
"STATE_ZAMBEZI","MNC","0","0","0","0","0","0","0","0","0","0","0","0","0","0","0"
"STATE_ZAMBEZI","MSH","0","0","0","0","0","0","0","0","0","0","0","0","0","0","0"
"STATE_ZAMBEZI","MTP","0","0","0","0","0","0","0","0","0","0","0","0","0","0","0"
"STATE_ZAMBEZIA","GZA","0","0","0","0","0","0","0","0","0","0","0","0","0","0","0"
"STATE_ZAMBEZIA","MNC","0","0","0","0","0","0","0","0","0","0","0","0","0","0","0"
"STATE_ZAMBEZIA","MSK","0","0","0","0","0","0","0","0","0","0","0","0","0","0","0"
"STATE_ZAMBEZIA","MTP","0","0","0","0","0","0","0","0","0","0","0","0","0","0","0"
"STATE_ZAMBEZIA","POR","1","0","0","0","0","0","0","0","0","0","0","0","0","0","0"
"STATE_ZAMBIA","BMB","0","0","0","0","0","0","0","0","0","0","0","0","0","0","0"
"STATE_ZAMBIA","LZO","0","0","0","0","0","0","0","0","0","0","0","0","0","0","0"
"STATE_ZANZIBAR","OMA","2","0","6","0","6","0","1","10","0","1","4","0","1","10","4"
"STATE_ZEALAND","DEN","1","0","3","0","3","0","1","10","0","1","7","0","1","10","7"
"STATE_ZHEJIANG","CHI","0","0","0","0","0","0","0","0","0","0","0","0","0","0","0"
"STATE_ZHILI","CHI","0","0","0","0","0","0","0","0","0","0","0","0","0","0","0"
"STATE_ZULIA","VNZ","0","0","0","0","0","0","0","0","0","0","0","0","0","0","0"
"STATE_ZULULAND","BST","0","0","0","0","0","0","0","0","0","0","0","0","0","0","0"
"STATE_ZULULAND","ZUL","0","0","0","0","0","0","0","0","0","0","0","0","0","0","0"
